id,german,english,german_sentence,english_sentence
1,wie,as,Ich benutze oft das Wort 'wie' im Alltag.,I often use the word 'wie' in daily life.
2,ich,I,Mit 'ich' kann man viele Sätze bilden.,With 'ich' you can form many sentences.
3,seine,his,"Gestern habe ich ein Buch gelesen, in dem oft 'seine' stand.",Yesterday I read a book in which often 'seine' appeared.
4,dass,that,"Kannst du mir bitte erklären, was 'dass' bedeutet?",Can you please explain to me what 'dass' means?
5,er,he,"Gestern habe ich ein Buch gelesen, in dem oft 'er' stand.",Yesterday I read a book in which often 'er' appeared.
6,war,was,Ich benutze oft das Wort 'war' im Alltag.,I often use the word 'war' in daily life.
7,für,for,Ich benutze oft das Wort 'für' im Alltag.,I often use the word 'für' in daily life.
8,auf,on,"Gestern habe ich ein Buch gelesen, in dem oft 'auf' stand.",Yesterday I read a book in which often 'auf' appeared.
9,sind,are,Mit 'sind' kann man viele Sätze bilden.,With 'sind' you can form many sentences.
10,mit,with,Ich benutze oft das Wort 'mit' im Alltag.,I often use the word 'mit' in daily life.
11,sie,they,"Kannst du mir bitte erklären, was 'sie' bedeutet?",Can you please explain to me what 'sie' means?
12,sein,be,Mit 'sein' kann man viele Sätze bilden.,With 'sein' you can form many sentences.
13,bei,at,Mit 'bei' kann man viele Sätze bilden.,With 'bei' you can form many sentences.
14,ein,one,"Gestern habe ich ein Buch gelesen, in dem oft 'ein' stand.",Yesterday I read a book in which often 'ein' appeared.
15,haben,have,"Kannst du mir bitte erklären, was 'haben' bedeutet?",Can you please explain to me what 'haben' means?
16,dies,this,'dies' ist ein wichtiges Wort in der deutschen Sprache.,'dies' is an important word in the German language.
17,aus,from,"Kannst du mir bitte erklären, was 'aus' bedeutet?",Can you please explain to me what 'aus' means?
18,durch,by,Mit 'durch' kann man viele Sätze bilden.,With 'durch' you can form many sentences.
19,heiß,hot,"Gestern habe ich ein Buch gelesen, in dem oft 'heiß' stand.",Yesterday I read a book in which often 'heiß' appeared.
20,Wort,word,"Gestern habe ich ein Buch gelesen, in dem oft 'Wort' stand.",Yesterday I read a book in which often 'Wort' appeared.
21,aber,but,"Gestern habe ich ein Buch gelesen, in dem oft 'aber' stand.",Yesterday I read a book in which often 'aber' appeared.
22,was,what,Mit 'was' kann man viele Sätze bilden.,With 'was' you can form many sentences.
23,einige,some,Mit 'einige' kann man viele Sätze bilden.,With 'einige' you can form many sentences.
24,ist,is,Ich benutze oft das Wort 'ist' im Alltag.,I often use the word 'ist' in daily life.
25,es,it,Ich benutze oft das Wort 'es' im Alltag.,I often use the word 'es' in daily life.
26,Sie,you,Mit 'Sie' kann man viele Sätze bilden.,With 'Sie' you can form many sentences.
27,oder,or,"Kannst du mir bitte erklären, was 'oder' bedeutet?",Can you please explain to me what 'oder' means?
28,hatte,had,"Gestern habe ich ein Buch gelesen, in dem oft 'hatte' stand.",Yesterday I read a book in which often 'hatte' appeared.
29,die,the,"Kannst du mir bitte erklären, was 'die' bedeutet?",Can you please explain to me what 'die' means?
30,von,of,'von' ist ein wichtiges Wort in der deutschen Sprache.,'von' is an important word in the German language.
31,zu,to,Ich benutze oft das Wort 'zu' im Alltag.,I often use the word 'zu' in daily life.
32,und,and,"Kannst du mir bitte erklären, was 'und' bedeutet?",Can you please explain to me what 'und' means?
33,ein,a,Mit 'ein' kann man viele Sätze bilden.,With 'ein' you can form many sentences.
34,bei,in,"Gestern habe ich ein Buch gelesen, in dem oft 'bei' stand.",Yesterday I read a book in which often 'bei' appeared.
35,wir,we,Ich benutze oft das Wort 'wir' im Alltag.,I often use the word 'wir' in daily life.
36,können,can,'können' ist ein wichtiges Wort in der deutschen Sprache.,'können' is an important word in the German language.
37,aus,out,"Kannst du mir bitte erklären, was 'aus' bedeutet?",Can you please explain to me what 'aus' means?
38,andere,other,"Gestern habe ich ein Buch gelesen, in dem oft 'andere' stand.",Yesterday I read a book in which often 'andere' appeared.
39,waren,were,'waren' ist ein wichtiges Wort in der deutschen Sprache.,'waren' is an important word in the German language.
40,die,which,"Kannst du mir bitte erklären, was 'die' bedeutet?",Can you please explain to me what 'die' means?
41,tun,do,Mit 'tun' kann man viele Sätze bilden.,With 'tun' you can form many sentences.
42,ihre,their,Ich benutze oft das Wort 'ihre' im Alltag.,I often use the word 'ihre' in daily life.
43,Zeit,time,'Zeit' ist ein wichtiges Wort in der deutschen Sprache.,'Zeit' is an important word in the German language.
44,wenn,if,"Gestern habe ich ein Buch gelesen, in dem oft 'wenn' stand.",Yesterday I read a book in which often 'wenn' appeared.
45,werden,will,'werden' ist ein wichtiges Wort in der deutschen Sprache.,'werden' is an important word in the German language.
46,wie,how,Ich benutze oft das Wort 'wie' im Alltag.,I often use the word 'wie' in daily life.
47,sagte,said,"Gestern habe ich ein Buch gelesen, in dem oft 'sagte' stand.",Yesterday I read a book in which often 'sagte' appeared.
48,ein,an,Ich benutze oft das Wort 'ein' im Alltag.,I often use the word 'ein' in daily life.
49,jeder,each,'jeder' ist ein wichtiges Wort in der deutschen Sprache.,'jeder' is an important word in the German language.
50,sagen,tell,"Kannst du mir bitte erklären, was 'sagen' bedeutet?",Can you please explain to me what 'sagen' means?
51,tut,does,Mit 'tut' kann man viele Sätze bilden.,With 'tut' you can form many sentences.
52,Satz,set,Mit 'Satz' kann man viele Sätze bilden.,With 'Satz' you can form many sentences.
53,drei,three,"Gestern habe ich ein Buch gelesen, in dem oft 'drei' stand.",Yesterday I read a book in which often 'drei' appeared.
54,wollen,want,"Kannst du mir bitte erklären, was 'wollen' bedeutet?",Can you please explain to me what 'wollen' means?
55,Luft,air,Ich benutze oft das Wort 'Luft' im Alltag.,I often use the word 'Luft' in daily life.
56,gut,well,Ich benutze oft das Wort 'gut' im Alltag.,I often use the word 'gut' in daily life.
57,auch,also,"Gestern habe ich ein Buch gelesen, in dem oft 'auch' stand.",Yesterday I read a book in which often 'auch' appeared.
58,spielen,play,Ich benutze oft das Wort 'spielen' im Alltag.,I often use the word 'spielen' in daily life.
59,klein,small,Ich benutze oft das Wort 'klein' im Alltag.,I often use the word 'klein' in daily life.
60,Ende,end,'Ende' ist ein wichtiges Wort in der deutschen Sprache.,'Ende' is an important word in the German language.
61,setzen,put,Ich benutze oft das Wort 'setzen' im Alltag.,I often use the word 'setzen' in daily life.
62,Zuhause,home,Ich benutze oft das Wort 'Zuhause' im Alltag.,I often use the word 'Zuhause' in daily life.
63,lesen,read,"Gestern habe ich ein Buch gelesen, in dem oft 'lesen' stand.",Yesterday I read a book in which often 'lesen' appeared.
64,seits,hand,"Kannst du mir bitte erklären, was 'seits' bedeutet?",Can you please explain to me what 'seits' means?
65,Hafen,port,"Kannst du mir bitte erklären, was 'Hafen' bedeutet?",Can you please explain to me what 'Hafen' means?
66,groß,large,"Gestern habe ich ein Buch gelesen, in dem oft 'groß' stand.",Yesterday I read a book in which often 'groß' appeared.
67,buchstabieren,spell,"Gestern habe ich ein Buch gelesen, in dem oft 'buchstabieren' stand.",Yesterday I read a book in which often 'buchstabieren' appeared.
68,hinzufügen,add,"Gestern habe ich ein Buch gelesen, in dem oft 'hinzufügen' stand.",Yesterday I read a book in which often 'hinzufügen' appeared.
69,auch,even,Ich benutze oft das Wort 'auch' im Alltag.,I often use the word 'auch' in daily life.
70,Lande,land,'Lande' ist ein wichtiges Wort in der deutschen Sprache.,'Lande' is an important word in the German language.
71,hier,here,Mit 'hier' kann man viele Sätze bilden.,With 'hier' you can form many sentences.
72,muss,must,Ich benutze oft das Wort 'muss' im Alltag.,I often use the word 'muss' in daily life.
73,groß,big,"Kannst du mir bitte erklären, was 'groß' bedeutet?",Can you please explain to me what 'groß' means?
74,hoch,high,Mit 'hoch' kann man viele Sätze bilden.,With 'hoch' you can form many sentences.
75,so,such,"Kannst du mir bitte erklären, was 'so' bedeutet?",Can you please explain to me what 'so' means?
76,folgen,follow,"Kannst du mir bitte erklären, was 'folgen' bedeutet?",Can you please explain to me what 'folgen' means?
77,Akt,act,Ich benutze oft das Wort 'Akt' im Alltag.,I often use the word 'Akt' in daily life.
78,warum,why,"Kannst du mir bitte erklären, was 'warum' bedeutet?",Can you please explain to me what 'warum' means?
79,fragen,ask,"Kannst du mir bitte erklären, was 'fragen' bedeutet?",Can you please explain to me what 'fragen' means?
80,Männer,men,"Kannst du mir bitte erklären, was 'Männer' bedeutet?",Can you please explain to me what 'Männer' means?
81,Veränderung,change,Mit 'Veränderung' kann man viele Sätze bilden.,With 'Veränderung' you can form many sentences.
82,ging,went,Ich benutze oft das Wort 'ging' im Alltag.,I often use the word 'ging' in daily life.
83,Licht,light,Mit 'Licht' kann man viele Sätze bilden.,With 'Licht' you can form many sentences.
84,Art,kind,"Kannst du mir bitte erklären, was 'Art' bedeutet?",Can you please explain to me what 'Art' means?
85,aus,off,Ich benutze oft das Wort 'aus' im Alltag.,I often use the word 'aus' in daily life.
86,müssen,need,Ich benutze oft das Wort 'müssen' im Alltag.,I often use the word 'müssen' in daily life.
87,Haus,house,Ich benutze oft das Wort 'Haus' im Alltag.,I often use the word 'Haus' in daily life.
88,Bild,picture,'Bild' ist ein wichtiges Wort in der deutschen Sprache.,'Bild' is an important word in the German language.
89,versuchen,try,Mit 'versuchen' kann man viele Sätze bilden.,With 'versuchen' you can form many sentences.
90,uns,us,Mit 'uns' kann man viele Sätze bilden.,With 'uns' you can form many sentences.
91,wieder,again,"Gestern habe ich ein Buch gelesen, in dem oft 'wieder' stand.",Yesterday I read a book in which often 'wieder' appeared.
92,Tier,animal,"Kannst du mir bitte erklären, was 'Tier' bedeutet?",Can you please explain to me what 'Tier' means?
93,Punkt,point,"Gestern habe ich ein Buch gelesen, in dem oft 'Punkt' stand.",Yesterday I read a book in which often 'Punkt' appeared.
94,Mutter,mother,"Kannst du mir bitte erklären, was 'Mutter' bedeutet?",Can you please explain to me what 'Mutter' means?
95,Welt,world,"Kannst du mir bitte erklären, was 'Welt' bedeutet?",Can you please explain to me what 'Welt' means?
96,in der Nähe von,near,"Kannst du mir bitte erklären, was 'in der Nähe von' bedeutet?",Can you please explain to me what 'in der Nähe von' means?
97,bauen,build,"Gestern habe ich ein Buch gelesen, in dem oft 'bauen' stand.",Yesterday I read a book in which often 'bauen' appeared.
98,selbst,self,Ich benutze oft das Wort 'selbst' im Alltag.,I often use the word 'selbst' in daily life.
99,Erde,earth,"Kannst du mir bitte erklären, was 'Erde' bedeutet?",Can you please explain to me what 'Erde' means?
100,Vater,father,"Gestern habe ich ein Buch gelesen, in dem oft 'Vater' stand.",Yesterday I read a book in which often 'Vater' appeared.
101,jeder,any,Mit 'jeder' kann man viele Sätze bilden.,With 'jeder' you can form many sentences.
102,neu,new,Ich benutze oft das Wort 'neu' im Alltag.,I often use the word 'neu' in daily life.
103,Arbeit,work,Ich benutze oft das Wort 'Arbeit' im Alltag.,I often use the word 'Arbeit' in daily life.
104,Teil,part,'Teil' ist ein wichtiges Wort in der deutschen Sprache.,'Teil' is an important word in the German language.
105,nehmen,take,Mit 'nehmen' kann man viele Sätze bilden.,With 'nehmen' you can form many sentences.
106,erhalten,get,Ich benutze oft das Wort 'erhalten' im Alltag.,I often use the word 'erhalten' in daily life.
107,Ort,place,"Kannst du mir bitte erklären, was 'Ort' bedeutet?",Can you please explain to me what 'Ort' means?
108,gemacht,made,"Kannst du mir bitte erklären, was 'gemacht' bedeutet?",Can you please explain to me what 'gemacht' means?
109,leben,live,"Gestern habe ich ein Buch gelesen, in dem oft 'leben' stand.",Yesterday I read a book in which often 'leben' appeared.
110,wo,where,'wo' ist ein wichtiges Wort in der deutschen Sprache.,'wo' is an important word in the German language.
111,nach,after,Mit 'nach' kann man viele Sätze bilden.,With 'nach' you can form many sentences.
112,zurück,back,'zurück' ist ein wichtiges Wort in der deutschen Sprache.,'zurück' is an important word in the German language.
113,wenig,little,'wenig' ist ein wichtiges Wort in der deutschen Sprache.,'wenig' is an important word in the German language.
114,nur,only,'nur' ist ein wichtiges Wort in der deutschen Sprache.,'nur' is an important word in the German language.
115,Runde,round,Mit 'Runde' kann man viele Sätze bilden.,With 'Runde' you can form many sentences.
116,Mann,man,Mit 'Mann' kann man viele Sätze bilden.,With 'Mann' you can form many sentences.
117,Jahr,year,Ich benutze oft das Wort 'Jahr' im Alltag.,I often use the word 'Jahr' in daily life.
118,kam,came,'kam' ist ein wichtiges Wort in der deutschen Sprache.,'kam' is an important word in the German language.
119,zeigen,show,"Kannst du mir bitte erklären, was 'zeigen' bedeutet?",Can you please explain to me what 'zeigen' means?
120,jeder,every,"Kannst du mir bitte erklären, was 'jeder' bedeutet?",Can you please explain to me what 'jeder' means?
121,gut,good,Ich benutze oft das Wort 'gut' im Alltag.,I often use the word 'gut' in daily life.
122,mir,me,Ich benutze oft das Wort 'mir' im Alltag.,I often use the word 'mir' in daily life.
123,geben,give,"Kannst du mir bitte erklären, was 'geben' bedeutet?",Can you please explain to me what 'geben' means?
124,unsere,our,"Kannst du mir bitte erklären, was 'unsere' bedeutet?",Can you please explain to me what 'unsere' means?
125,unter,under,Mit 'unter' kann man viele Sätze bilden.,With 'unter' you can form many sentences.
126,Name,name,'Name' ist ein wichtiges Wort in der deutschen Sprache.,'Name' is an important word in the German language.
127,sehr,very,Ich benutze oft das Wort 'sehr' im Alltag.,I often use the word 'sehr' in daily life.
128,durch,through,"Kannst du mir bitte erklären, was 'durch' bedeutet?",Can you please explain to me what 'durch' means?
129,nur,just,'nur' ist ein wichtiges Wort in der deutschen Sprache.,'nur' is an important word in the German language.
130,Formular,form,Mit 'Formular' kann man viele Sätze bilden.,With 'Formular' you can form many sentences.
131,Satz,sentence,Ich benutze oft das Wort 'Satz' im Alltag.,I often use the word 'Satz' in daily life.
132,groß,great,"Gestern habe ich ein Buch gelesen, in dem oft 'groß' stand.",Yesterday I read a book in which often 'groß' appeared.
133,denken,think,"Kannst du mir bitte erklären, was 'denken' bedeutet?",Can you please explain to me what 'denken' means?
134,sagen,say,"Gestern habe ich ein Buch gelesen, in dem oft 'sagen' stand.",Yesterday I read a book in which often 'sagen' appeared.
135,Hilfe,help,'Hilfe' ist ein wichtiges Wort in der deutschen Sprache.,'Hilfe' is an important word in the German language.
136,niedrig,low,"Kannst du mir bitte erklären, was 'niedrig' bedeutet?",Can you please explain to me what 'niedrig' means?
137,Linie,line,"Gestern habe ich ein Buch gelesen, in dem oft 'Linie' stand.",Yesterday I read a book in which often 'Linie' appeared.
138,abweichen,differ,"Kannst du mir bitte erklären, was 'abweichen' bedeutet?",Can you please explain to me what 'abweichen' means?
139,wiederum,turn,"Kannst du mir bitte erklären, was 'wiederum' bedeutet?",Can you please explain to me what 'wiederum' means?
140,Ursache,cause,"Gestern habe ich ein Buch gelesen, in dem oft 'Ursache' stand.",Yesterday I read a book in which often 'Ursache' appeared.
141,viel,much,Mit 'viel' kann man viele Sätze bilden.,With 'viel' you can form many sentences.
142,bedeuten,mean,'bedeuten' ist ein wichtiges Wort in der deutschen Sprache.,'bedeuten' is an important word in the German language.
143,vor,before,Mit 'vor' kann man viele Sätze bilden.,With 'vor' you can form many sentences.
144,Umzug,move,Ich benutze oft das Wort 'Umzug' im Alltag.,I often use the word 'Umzug' in daily life.
145,Recht,right,"Kannst du mir bitte erklären, was 'Recht' bedeutet?",Can you please explain to me what 'Recht' means?
146,Junge,boy,'Junge' ist ein wichtiges Wort in der deutschen Sprache.,'Junge' is an important word in the German language.
147,alt,old,'alt' ist ein wichtiges Wort in der deutschen Sprache.,'alt' is an important word in the German language.
148,zu,too,'zu' ist ein wichtiges Wort in der deutschen Sprache.,'zu' is an important word in the German language.
149,gleich,same,'gleich' ist ein wichtiges Wort in der deutschen Sprache.,'gleich' is an important word in the German language.
150,sie,she,'sie' ist ein wichtiges Wort in der deutschen Sprache.,'sie' is an important word in the German language.
151,alle,all,Ich benutze oft das Wort 'alle' im Alltag.,I often use the word 'alle' in daily life.
152,da,there,Mit 'da' kann man viele Sätze bilden.,With 'da' you can form many sentences.
153,wenn,when,Ich benutze oft das Wort 'wenn' im Alltag.,I often use the word 'wenn' in daily life.
154,nach oben,up,"Gestern habe ich ein Buch gelesen, in dem oft 'nach oben' stand.",Yesterday I read a book in which often 'nach oben' appeared.
155,Verwendung,use,Mit 'Verwendung' kann man viele Sätze bilden.,With 'Verwendung' you can form many sentences.
156,Ihre,your,"Gestern habe ich ein Buch gelesen, in dem oft 'Ihre' stand.",Yesterday I read a book in which often 'Ihre' appeared.
157,Weg,way,"Gestern habe ich ein Buch gelesen, in dem oft 'Weg' stand.",Yesterday I read a book in which often 'Weg' appeared.
158,über,about,Ich benutze oft das Wort 'über' im Alltag.,I often use the word 'über' in daily life.
159,viele,many,Ich benutze oft das Wort 'viele' im Alltag.,I often use the word 'viele' in daily life.
160,dann,then,"Gestern habe ich ein Buch gelesen, in dem oft 'dann' stand.",Yesterday I read a book in which often 'dann' appeared.
161,sie,them,Mit 'sie' kann man viele Sätze bilden.,With 'sie' you can form many sentences.
162,schreiben,write,"Gestern habe ich ein Buch gelesen, in dem oft 'schreiben' stand.",Yesterday I read a book in which often 'schreiben' appeared.
163,würde,would,Ich benutze oft das Wort 'würde' im Alltag.,I often use the word 'würde' in daily life.
164,wie,like,"Gestern habe ich ein Buch gelesen, in dem oft 'wie' stand.",Yesterday I read a book in which often 'wie' appeared.
165,so,so,"Gestern habe ich ein Buch gelesen, in dem oft 'so' stand.",Yesterday I read a book in which often 'so' appeared.
166,diese,these,'diese' ist ein wichtiges Wort in der deutschen Sprache.,'diese' is an important word in the German language.
167,sie,her,Mit 'sie' kann man viele Sätze bilden.,With 'sie' you can form many sentences.
168,lange,long,"Gestern habe ich ein Buch gelesen, in dem oft 'lange' stand.",Yesterday I read a book in which often 'lange' appeared.
169,machen,make,"Kannst du mir bitte erklären, was 'machen' bedeutet?",Can you please explain to me what 'machen' means?
170,Sache,thing,Ich benutze oft das Wort 'Sache' im Alltag.,I often use the word 'Sache' in daily life.
171,sehen,see,Ich benutze oft das Wort 'sehen' im Alltag.,I often use the word 'sehen' in daily life.
172,ihm,him,"Gestern habe ich ein Buch gelesen, in dem oft 'ihm' stand.",Yesterday I read a book in which often 'ihm' appeared.
173,zwei,two,"Kannst du mir bitte erklären, was 'zwei' bedeutet?",Can you please explain to me what 'zwei' means?
174,hat,has,"Gestern habe ich ein Buch gelesen, in dem oft 'hat' stand.",Yesterday I read a book in which often 'hat' appeared.
175,suchen,look,"Gestern habe ich ein Buch gelesen, in dem oft 'suchen' stand.",Yesterday I read a book in which often 'suchen' appeared.
176,mehr,more,"Kannst du mir bitte erklären, was 'mehr' bedeutet?",Can you please explain to me what 'mehr' means?
177,Tag,day,Ich benutze oft das Wort 'Tag' im Alltag.,I often use the word 'Tag' in daily life.
178,könnte,could,Ich benutze oft das Wort 'könnte' im Alltag.,I often use the word 'könnte' in daily life.
179,gehen,go,'gehen' ist ein wichtiges Wort in der deutschen Sprache.,'gehen' is an important word in the German language.
180,kommen,come,Ich benutze oft das Wort 'kommen' im Alltag.,I often use the word 'kommen' in daily life.
181,tat,did,Ich benutze oft das Wort 'tat' im Alltag.,I often use the word 'tat' in daily life.
182,Anzahl,number,"Gestern habe ich ein Buch gelesen, in dem oft 'Anzahl' stand.",Yesterday I read a book in which often 'Anzahl' appeared.
183,klingen,sound,"Gestern habe ich ein Buch gelesen, in dem oft 'klingen' stand.",Yesterday I read a book in which often 'klingen' appeared.
184,nicht,no,Ich benutze oft das Wort 'nicht' im Alltag.,I often use the word 'nicht' in daily life.
185,am meisten,most,'am meisten' ist ein wichtiges Wort in der deutschen Sprache.,'am meisten' is an important word in the German language.
186,Menschen,people,"Gestern habe ich ein Buch gelesen, in dem oft 'Menschen' stand.",Yesterday I read a book in which often 'Menschen' appeared.
187,meine,my,"Kannst du mir bitte erklären, was 'meine' bedeutet?",Can you please explain to me what 'meine' means?
188,über,over,Mit 'über' kann man viele Sätze bilden.,With 'über' you can form many sentences.
189,wissen,know,"Gestern habe ich ein Buch gelesen, in dem oft 'wissen' stand.",Yesterday I read a book in which often 'wissen' appeared.
190,Wasser,water,"Gestern habe ich ein Buch gelesen, in dem oft 'Wasser' stand.",Yesterday I read a book in which often 'Wasser' appeared.
191,als,than,Ich benutze oft das Wort 'als' im Alltag.,I often use the word 'als' in daily life.
192,Anruf,call,"Gestern habe ich ein Buch gelesen, in dem oft 'Anruf' stand.",Yesterday I read a book in which often 'Anruf' appeared.
193,erste,first,"Kannst du mir bitte erklären, was 'erste' bedeutet?",Can you please explain to me what 'erste' means?
194,die,who,"Gestern habe ich ein Buch gelesen, in dem oft 'die' stand.",Yesterday I read a book in which often 'die' appeared.
195,können,may,"Kannst du mir bitte erklären, was 'können' bedeutet?",Can you please explain to me what 'können' means?
196,nach unten,down,"Gestern habe ich ein Buch gelesen, in dem oft 'nach unten' stand.",Yesterday I read a book in which often 'nach unten' appeared.
197,Seite,side,Mit 'Seite' kann man viele Sätze bilden.,With 'Seite' you can form many sentences.
198,gewesen,been,"Kannst du mir bitte erklären, was 'gewesen' bedeutet?",Can you please explain to me what 'gewesen' means?
199,jetzt,now,"Kannst du mir bitte erklären, was 'jetzt' bedeutet?",Can you please explain to me what 'jetzt' means?
200,finden,find,Ich benutze oft das Wort 'finden' im Alltag.,I often use the word 'finden' in daily life.
201,Kopf,head,Mit 'Kopf' kann man viele Sätze bilden.,With 'Kopf' you can form many sentences.
202,stehen,stand,'stehen' ist ein wichtiges Wort in der deutschen Sprache.,'stehen' is an important word in the German language.
203,besitzen,own,"Gestern habe ich ein Buch gelesen, in dem oft 'besitzen' stand.",Yesterday I read a book in which often 'besitzen' appeared.
204,Seite,page,"Kannst du mir bitte erklären, was 'Seite' bedeutet?",Can you please explain to me what 'Seite' means?
205,sollte,should,Ich benutze oft das Wort 'sollte' im Alltag.,I often use the word 'sollte' in daily life.
206,Land,country,Mit 'Land' kann man viele Sätze bilden.,With 'Land' you can form many sentences.
207,gefunden,found,"Kannst du mir bitte erklären, was 'gefunden' bedeutet?",Can you please explain to me what 'gefunden' means?
208,Antwort,answer,'Antwort' ist ein wichtiges Wort in der deutschen Sprache.,'Antwort' is an important word in the German language.
209,Schule,school,"Kannst du mir bitte erklären, was 'Schule' bedeutet?",Can you please explain to me what 'Schule' means?
210,wachsen,grow,'wachsen' ist ein wichtiges Wort in der deutschen Sprache.,'wachsen' is an important word in the German language.
211,Studie,study,"Gestern habe ich ein Buch gelesen, in dem oft 'Studie' stand.",Yesterday I read a book in which often 'Studie' appeared.
212,noch,still,'noch' ist ein wichtiges Wort in der deutschen Sprache.,'noch' is an important word in the German language.
213,lernen,learn,Ich benutze oft das Wort 'lernen' im Alltag.,I often use the word 'lernen' in daily life.
214,Anlage,plant,"Gestern habe ich ein Buch gelesen, in dem oft 'Anlage' stand.",Yesterday I read a book in which often 'Anlage' appeared.
215,Abdeckung,cover,'Abdeckung' ist ein wichtiges Wort in der deutschen Sprache.,'Abdeckung' is an important word in the German language.
216,Lebensmittel,food,Ich benutze oft das Wort 'Lebensmittel' im Alltag.,I often use the word 'Lebensmittel' in daily life.
217,Sonne,sun,'Sonne' ist ein wichtiges Wort in der deutschen Sprache.,'Sonne' is an important word in the German language.
218,vier,four,"Kannst du mir bitte erklären, was 'vier' bedeutet?",Can you please explain to me what 'vier' means?
219,zwischen,between,Ich benutze oft das Wort 'zwischen' im Alltag.,I often use the word 'zwischen' in daily life.
220,Zustand,state,Mit 'Zustand' kann man viele Sätze bilden.,With 'Zustand' you can form many sentences.
221,halten,keep,"Gestern habe ich ein Buch gelesen, in dem oft 'halten' stand.",Yesterday I read a book in which often 'halten' appeared.
222,Auge,eye,'Auge' ist ein wichtiges Wort in der deutschen Sprache.,'Auge' is an important word in the German language.
223,nie,never,'nie' ist ein wichtiges Wort in der deutschen Sprache.,'nie' is an important word in the German language.
224,letzte,last,'letzte' ist ein wichtiges Wort in der deutschen Sprache.,'letzte' is an important word in the German language.
225,lassen,let,"Kannst du mir bitte erklären, was 'lassen' bedeutet?",Can you please explain to me what 'lassen' means?
226,Gedanken,thought,Mit 'Gedanken' kann man viele Sätze bilden.,With 'Gedanken' you can form many sentences.
227,Stadt,city,Ich benutze oft das Wort 'Stadt' im Alltag.,I often use the word 'Stadt' in daily life.
228,Baum,tree,'Baum' ist ein wichtiges Wort in der deutschen Sprache.,'Baum' is an important word in the German language.
229,überqueren,cross,Mit 'überqueren' kann man viele Sätze bilden.,With 'überqueren' you can form many sentences.
230,Bauernhof,farm,"Kannst du mir bitte erklären, was 'Bauernhof' bedeutet?",Can you please explain to me what 'Bauernhof' means?
231,schwer,hard,Ich benutze oft das Wort 'schwer' im Alltag.,I often use the word 'schwer' in daily life.
232,Beginn,start,"Gestern habe ich ein Buch gelesen, in dem oft 'Beginn' stand.",Yesterday I read a book in which often 'Beginn' appeared.
233,Macht,might,"Kannst du mir bitte erklären, was 'Macht' bedeutet?",Can you please explain to me what 'Macht' means?
234,Geschichte,story,'Geschichte' ist ein wichtiges Wort in der deutschen Sprache.,'Geschichte' is an important word in the German language.
235,Säge,saw,Mit 'Säge' kann man viele Sätze bilden.,With 'Säge' you can form many sentences.
236,weit,far,Ich benutze oft das Wort 'weit' im Alltag.,I often use the word 'weit' in daily life.
237,Meer,sea,Mit 'Meer' kann man viele Sätze bilden.,With 'Meer' you can form many sentences.
238,ziehen,draw,Ich benutze oft das Wort 'ziehen' im Alltag.,I often use the word 'ziehen' in daily life.
239,links,left,Ich benutze oft das Wort 'links' im Alltag.,I often use the word 'links' in daily life.
240,spät,late,Ich benutze oft das Wort 'spät' im Alltag.,I often use the word 'spät' in daily life.
241,laufen,run,"Gestern habe ich ein Buch gelesen, in dem oft 'laufen' stand.",Yesterday I read a book in which often 'laufen' appeared.
242,unterlassen Sie,don’t,"Gestern habe ich ein Buch gelesen, in dem oft 'unterlassen Sie' stand.",Yesterday I read a book in which often 'unterlassen Sie' appeared.
243,während,while,"Kannst du mir bitte erklären, was 'während' bedeutet?",Can you please explain to me what 'während' means?
244,Presse,press,'Presse' ist ein wichtiges Wort in der deutschen Sprache.,'Presse' is an important word in the German language.
245,Schließen,close,'Schließen' ist ein wichtiges Wort in der deutschen Sprache.,'Schließen' is an important word in the German language.
246,Nacht,night,Ich benutze oft das Wort 'Nacht' im Alltag.,I often use the word 'Nacht' in daily life.
247,realen,real,Ich benutze oft das Wort 'realen' im Alltag.,I often use the word 'realen' in daily life.
248,Leben,life,"Gestern habe ich ein Buch gelesen, in dem oft 'Leben' stand.",Yesterday I read a book in which often 'Leben' appeared.
249,wenige,few,'wenige' ist ein wichtiges Wort in der deutschen Sprache.,'wenige' is an important word in the German language.
250,Norden,north,Ich benutze oft das Wort 'Norden' im Alltag.,I often use the word 'Norden' in daily life.
251,Buch,book,'Buch' ist ein wichtiges Wort in der deutschen Sprache.,'Buch' is an important word in the German language.
252,tragen,carry,'tragen' ist ein wichtiges Wort in der deutschen Sprache.,'tragen' is an important word in the German language.
253,nahm,took,'nahm' ist ein wichtiges Wort in der deutschen Sprache.,'nahm' is an important word in the German language.
254,Wissenschaft,science,"Kannst du mir bitte erklären, was 'Wissenschaft' bedeutet?",Can you please explain to me what 'Wissenschaft' means?
255,essen,eat,'essen' ist ein wichtiges Wort in der deutschen Sprache.,'essen' is an important word in the German language.
256,Zimmer,room,"Kannst du mir bitte erklären, was 'Zimmer' bedeutet?",Can you please explain to me what 'Zimmer' means?
257,Freund,friend,'Freund' ist ein wichtiges Wort in der deutschen Sprache.,'Freund' is an important word in the German language.
258,begann,began,"Gestern habe ich ein Buch gelesen, in dem oft 'begann' stand.",Yesterday I read a book in which often 'begann' appeared.
259,Idee,idea,'Idee' ist ein wichtiges Wort in der deutschen Sprache.,'Idee' is an important word in the German language.
260,Fisch,fish,Mit 'Fisch' kann man viele Sätze bilden.,With 'Fisch' you can form many sentences.
261,berg,mountain,Ich benutze oft das Wort 'berg' im Alltag.,I often use the word 'berg' in daily life.
262,Stopp,stop,"Gestern habe ich ein Buch gelesen, in dem oft 'Stopp' stand.",Yesterday I read a book in which often 'Stopp' appeared.
263,einmal,once,"Gestern habe ich ein Buch gelesen, in dem oft 'einmal' stand.",Yesterday I read a book in which often 'einmal' appeared.
264,Basis,base,"Gestern habe ich ein Buch gelesen, in dem oft 'Basis' stand.",Yesterday I read a book in which often 'Basis' appeared.
265,hören,hear,"Gestern habe ich ein Buch gelesen, in dem oft 'hören' stand.",Yesterday I read a book in which often 'hören' appeared.
266,Pferd,horse,"Kannst du mir bitte erklären, was 'Pferd' bedeutet?",Can you please explain to me what 'Pferd' means?
267,Schnitt,cut,"Gestern habe ich ein Buch gelesen, in dem oft 'Schnitt' stand.",Yesterday I read a book in which often 'Schnitt' appeared.
268,sicher,sure,"Gestern habe ich ein Buch gelesen, in dem oft 'sicher' stand.",Yesterday I read a book in which often 'sicher' appeared.
269,beobachten,watch,Mit 'beobachten' kann man viele Sätze bilden.,With 'beobachten' you can form many sentences.
270,Farbe,color,"Kannst du mir bitte erklären, was 'Farbe' bedeutet?",Can you please explain to me what 'Farbe' means?
271,Gesicht,face,"Kannst du mir bitte erklären, was 'Gesicht' bedeutet?",Can you please explain to me what 'Gesicht' means?
272,Holz,wood,"Gestern habe ich ein Buch gelesen, in dem oft 'Holz' stand.",Yesterday I read a book in which often 'Holz' appeared.
273,Haupt-,main,"Gestern habe ich ein Buch gelesen, in dem oft 'Haupt-' stand.",Yesterday I read a book in which often 'Haupt-' appeared.
274,geöffnet,open,Mit 'geöffnet' kann man viele Sätze bilden.,With 'geöffnet' you can form many sentences.
275,scheinen,seem,'scheinen' ist ein wichtiges Wort in der deutschen Sprache.,'scheinen' is an important word in the German language.
276,zusammen,together,"Kannst du mir bitte erklären, was 'zusammen' bedeutet?",Can you please explain to me what 'zusammen' means?
277,nächste,next,'nächste' ist ein wichtiges Wort in der deutschen Sprache.,'nächste' is an important word in the German language.
278,weiß,white,"Gestern habe ich ein Buch gelesen, in dem oft 'weiß' stand.",Yesterday I read a book in which often 'weiß' appeared.
279,Kinder,children,Mit 'Kinder' kann man viele Sätze bilden.,With 'Kinder' you can form many sentences.
280,Start,begin,"Gestern habe ich ein Buch gelesen, in dem oft 'Start' stand.",Yesterday I read a book in which often 'Start' appeared.
281,bekam,got,"Kannst du mir bitte erklären, was 'bekam' bedeutet?",Can you please explain to me what 'bekam' means?
282,gehen,walk,"Gestern habe ich ein Buch gelesen, in dem oft 'gehen' stand.",Yesterday I read a book in which often 'gehen' appeared.
283,Beispiel,example,Mit 'Beispiel' kann man viele Sätze bilden.,With 'Beispiel' you can form many sentences.
284,erleichtern,ease,"Gestern habe ich ein Buch gelesen, in dem oft 'erleichtern' stand.",Yesterday I read a book in which often 'erleichtern' appeared.
285,Papier,paper,Mit 'Papier' kann man viele Sätze bilden.,With 'Papier' you can form many sentences.
286,Gruppe,group,"Kannst du mir bitte erklären, was 'Gruppe' bedeutet?",Can you please explain to me what 'Gruppe' means?
287,immer,always,'immer' ist ein wichtiges Wort in der deutschen Sprache.,'immer' is an important word in the German language.
288,Musik,music,Mit 'Musik' kann man viele Sätze bilden.,With 'Musik' you can form many sentences.
289,diejenigen,those,Ich benutze oft das Wort 'diejenigen' im Alltag.,I often use the word 'diejenigen' in daily life.
290,beide,both,"Kannst du mir bitte erklären, was 'beide' bedeutet?",Can you please explain to me what 'beide' means?
291,Marke,mark,"Gestern habe ich ein Buch gelesen, in dem oft 'Marke' stand.",Yesterday I read a book in which often 'Marke' appeared.
292,oft,often,"Gestern habe ich ein Buch gelesen, in dem oft 'oft' stand.",Yesterday I read a book in which often 'oft' appeared.
293,Schreiben,letter,Mit 'Schreiben' kann man viele Sätze bilden.,With 'Schreiben' you can form many sentences.
294,bis,until,"Kannst du mir bitte erklären, was 'bis' bedeutet?",Can you please explain to me what 'bis' means?
295,Meile,mile,Mit 'Meile' kann man viele Sätze bilden.,With 'Meile' you can form many sentences.
296,Fluss,river,"Gestern habe ich ein Buch gelesen, in dem oft 'Fluss' stand.",Yesterday I read a book in which often 'Fluss' appeared.
297,Auto,car,Mit 'Auto' kann man viele Sätze bilden.,With 'Auto' you can form many sentences.
298,Füße,feet,"Gestern habe ich ein Buch gelesen, in dem oft 'Füße' stand.",Yesterday I read a book in which often 'Füße' appeared.
299,Pflege,care,Ich benutze oft das Wort 'Pflege' im Alltag.,I often use the word 'Pflege' in daily life.
300,zweite,second,Ich benutze oft das Wort 'zweite' im Alltag.,I often use the word 'zweite' in daily life.
301,genug,enough,"Gestern habe ich ein Buch gelesen, in dem oft 'genug' stand.",Yesterday I read a book in which often 'genug' appeared.
302,Ebene,plain,"Gestern habe ich ein Buch gelesen, in dem oft 'Ebene' stand.",Yesterday I read a book in which often 'Ebene' appeared.
303,Mädchen,girl,Mit 'Mädchen' kann man viele Sätze bilden.,With 'Mädchen' you can form many sentences.
304,üblich,usual,"Gestern habe ich ein Buch gelesen, in dem oft 'üblich' stand.",Yesterday I read a book in which often 'üblich' appeared.
305,jung,young,"Kannst du mir bitte erklären, was 'jung' bedeutet?",Can you please explain to me what 'jung' means?
306,bereit,ready,"Gestern habe ich ein Buch gelesen, in dem oft 'bereit' stand.",Yesterday I read a book in which often 'bereit' appeared.
307,oben,above,Ich benutze oft das Wort 'oben' im Alltag.,I often use the word 'oben' in daily life.
308,je,ever,Mit 'je' kann man viele Sätze bilden.,With 'je' you can form many sentences.
309,rot,red,"Kannst du mir bitte erklären, was 'rot' bedeutet?",Can you please explain to me what 'rot' means?
310,Liste,list,'Liste' ist ein wichtiges Wort in der deutschen Sprache.,'Liste' is an important word in the German language.
311,obwohl,though,Ich benutze oft das Wort 'obwohl' im Alltag.,I often use the word 'obwohl' in daily life.
312,fühlen,feel,"Gestern habe ich ein Buch gelesen, in dem oft 'fühlen' stand.",Yesterday I read a book in which often 'fühlen' appeared.
313,Vortrag,talk,Ich benutze oft das Wort 'Vortrag' im Alltag.,I often use the word 'Vortrag' in daily life.
314,Vogel,bird,'Vogel' ist ein wichtiges Wort in der deutschen Sprache.,'Vogel' is an important word in the German language.
315,bald,soon,"Kannst du mir bitte erklären, was 'bald' bedeutet?",Can you please explain to me what 'bald' means?
316,Körper,body,Ich benutze oft das Wort 'Körper' im Alltag.,I often use the word 'Körper' in daily life.
317,Hund,dog,Ich benutze oft das Wort 'Hund' im Alltag.,I often use the word 'Hund' in daily life.
318,Familie,family,"Kannst du mir bitte erklären, was 'Familie' bedeutet?",Can you please explain to me what 'Familie' means?
319,direkt,direct,Mit 'direkt' kann man viele Sätze bilden.,With 'direkt' you can form many sentences.
320,Pose,pose,Ich benutze oft das Wort 'Pose' im Alltag.,I often use the word 'Pose' in daily life.
321,verlassen,leave,Mit 'verlassen' kann man viele Sätze bilden.,With 'verlassen' you can form many sentences.
322,Lied,song,Ich benutze oft das Wort 'Lied' im Alltag.,I often use the word 'Lied' in daily life.
323,messen,measure,"Kannst du mir bitte erklären, was 'messen' bedeutet?",Can you please explain to me what 'messen' means?
324,Tür,door,"Gestern habe ich ein Buch gelesen, in dem oft 'Tür' stand.",Yesterday I read a book in which often 'Tür' appeared.
325,Produkt,product,"Kannst du mir bitte erklären, was 'Produkt' bedeutet?",Can you please explain to me what 'Produkt' means?
326,schwarz,black,'schwarz' ist ein wichtiges Wort in der deutschen Sprache.,'schwarz' is an important word in the German language.
327,kurz,short,"Kannst du mir bitte erklären, was 'kurz' bedeutet?",Can you please explain to me what 'kurz' means?
328,Zahl,numeral,Mit 'Zahl' kann man viele Sätze bilden.,With 'Zahl' you can form many sentences.
329,Klasse,class,'Klasse' ist ein wichtiges Wort in der deutschen Sprache.,'Klasse' is an important word in the German language.
330,Wind,wind,Mit 'Wind' kann man viele Sätze bilden.,With 'Wind' you can form many sentences.
331,Frage,question,Ich benutze oft das Wort 'Frage' im Alltag.,I often use the word 'Frage' in daily life.
332,passieren,happen,'passieren' ist ein wichtiges Wort in der deutschen Sprache.,'passieren' is an important word in the German language.
333,vollständig,complete,'vollständig' ist ein wichtiges Wort in der deutschen Sprache.,'vollständig' is an important word in the German language.
334,Schiff,ship,"Kannst du mir bitte erklären, was 'Schiff' bedeutet?",Can you please explain to me what 'Schiff' means?
335,Bereich,area,Mit 'Bereich' kann man viele Sätze bilden.,With 'Bereich' you can form many sentences.
336,Hälfte,half,Mit 'Hälfte' kann man viele Sätze bilden.,With 'Hälfte' you can form many sentences.
337,Stein,rock,'Stein' ist ein wichtiges Wort in der deutschen Sprache.,'Stein' is an important word in the German language.
338,bestellen,order,Mit 'bestellen' kann man viele Sätze bilden.,With 'bestellen' you can form many sentences.
339,Feuer,fire,"Kannst du mir bitte erklären, was 'Feuer' bedeutet?",Can you please explain to me what 'Feuer' means?
340,Süden,south,"Kannst du mir bitte erklären, was 'Süden' bedeutet?",Can you please explain to me what 'Süden' means?
341,Problem,problem,Ich benutze oft das Wort 'Problem' im Alltag.,I often use the word 'Problem' in daily life.
342,Stück,piece,Ich benutze oft das Wort 'Stück' im Alltag.,I often use the word 'Stück' in daily life.
343,sagte,told,"Gestern habe ich ein Buch gelesen, in dem oft 'sagte' stand.",Yesterday I read a book in which often 'sagte' appeared.
344,wusste,knew,Mit 'wusste' kann man viele Sätze bilden.,With 'wusste' you can form many sentences.
345,passieren,pass,Ich benutze oft das Wort 'passieren' im Alltag.,I often use the word 'passieren' in daily life.
346,seit,since,"Kannst du mir bitte erklären, was 'seit' bedeutet?",Can you please explain to me what 'seit' means?
347,obere,top,Ich benutze oft das Wort 'obere' im Alltag.,I often use the word 'obere' in daily life.
348,ganze,whole,Ich benutze oft das Wort 'ganze' im Alltag.,I often use the word 'ganze' in daily life.
349,König,king,Ich benutze oft das Wort 'König' im Alltag.,I often use the word 'König' in daily life.
350,Straße,street,'Straße' ist ein wichtiges Wort in der deutschen Sprache.,'Straße' is an important word in the German language.
351,Zoll,inch,"Gestern habe ich ein Buch gelesen, in dem oft 'Zoll' stand.",Yesterday I read a book in which often 'Zoll' appeared.
352,multiplizieren,multiply,Mit 'multiplizieren' kann man viele Sätze bilden.,With 'multiplizieren' you can form many sentences.
353,nichts,nothing,"Gestern habe ich ein Buch gelesen, in dem oft 'nichts' stand.",Yesterday I read a book in which often 'nichts' appeared.
354,Kurs,course,Mit 'Kurs' kann man viele Sätze bilden.,With 'Kurs' you can form many sentences.
355,bleiben,stay,Ich benutze oft das Wort 'bleiben' im Alltag.,I often use the word 'bleiben' in daily life.
356,Rad,wheel,"Kannst du mir bitte erklären, was 'Rad' bedeutet?",Can you please explain to me what 'Rad' means?
357,voll,full,"Gestern habe ich ein Buch gelesen, in dem oft 'voll' stand.",Yesterday I read a book in which often 'voll' appeared.
358,Kraft,force,"Gestern habe ich ein Buch gelesen, in dem oft 'Kraft' stand.",Yesterday I read a book in which often 'Kraft' appeared.
359,blau,blue,"Kannst du mir bitte erklären, was 'blau' bedeutet?",Can you please explain to me what 'blau' means?
360,Objekt,object,'Objekt' ist ein wichtiges Wort in der deutschen Sprache.,'Objekt' is an important word in the German language.
361,entscheiden,decide,'entscheiden' ist ein wichtiges Wort in der deutschen Sprache.,'entscheiden' is an important word in the German language.
362,Oberfläche,surface,"Kannst du mir bitte erklären, was 'Oberfläche' bedeutet?",Can you please explain to me what 'Oberfläche' means?
363,tief,deep,"Gestern habe ich ein Buch gelesen, in dem oft 'tief' stand.",Yesterday I read a book in which often 'tief' appeared.
364,Mond,moon,"Gestern habe ich ein Buch gelesen, in dem oft 'Mond' stand.",Yesterday I read a book in which often 'Mond' appeared.
365,Insel,island,"Gestern habe ich ein Buch gelesen, in dem oft 'Insel' stand.",Yesterday I read a book in which often 'Insel' appeared.
366,Fuß,foot,Ich benutze oft das Wort 'Fuß' im Alltag.,I often use the word 'Fuß' in daily life.
367,System,system,Ich benutze oft das Wort 'System' im Alltag.,I often use the word 'System' in daily life.
368,beschäftigt,busy,"Gestern habe ich ein Buch gelesen, in dem oft 'beschäftigt' stand.",Yesterday I read a book in which often 'beschäftigt' appeared.
369,Prüfung,test,"Kannst du mir bitte erklären, was 'Prüfung' bedeutet?",Can you please explain to me what 'Prüfung' means?
370,Rekord,record,Mit 'Rekord' kann man viele Sätze bilden.,With 'Rekord' you can form many sentences.
371,Boot,boat,"Gestern habe ich ein Buch gelesen, in dem oft 'Boot' stand.",Yesterday I read a book in which often 'Boot' appeared.
372,gemeinsam,common,Mit 'gemeinsam' kann man viele Sätze bilden.,With 'gemeinsam' you can form many sentences.
373,goldenen,gold,"Gestern habe ich ein Buch gelesen, in dem oft 'goldenen' stand.",Yesterday I read a book in which often 'goldenen' appeared.
374,möglich,possible,"Gestern habe ich ein Buch gelesen, in dem oft 'möglich' stand.",Yesterday I read a book in which often 'möglich' appeared.
375,Flugzeug,plane,"Kannst du mir bitte erklären, was 'Flugzeug' bedeutet?",Can you please explain to me what 'Flugzeug' means?
376,statt,stead,Ich benutze oft das Wort 'statt' im Alltag.,I often use the word 'statt' in daily life.
377,trocken,dry,"Gestern habe ich ein Buch gelesen, in dem oft 'trocken' stand.",Yesterday I read a book in which often 'trocken' appeared.
378,Wunder,wonder,'Wunder' ist ein wichtiges Wort in der deutschen Sprache.,'Wunder' is an important word in the German language.
379,Lachen,laugh,"Gestern habe ich ein Buch gelesen, in dem oft 'Lachen' stand.",Yesterday I read a book in which often 'Lachen' appeared.
380,tausend,thousand,'tausend' ist ein wichtiges Wort in der deutschen Sprache.,'tausend' is an important word in the German language.
381,vor,ago,Mit 'vor' kann man viele Sätze bilden.,With 'vor' you can form many sentences.
382,lief,ran,"Gestern habe ich ein Buch gelesen, in dem oft 'lief' stand.",Yesterday I read a book in which often 'lief' appeared.
383,überprüfen,check,Ich benutze oft das Wort 'überprüfen' im Alltag.,I often use the word 'überprüfen' in daily life.
384,Spiel,game,Mit 'Spiel' kann man viele Sätze bilden.,With 'Spiel' you can form many sentences.
385,Form,shape,Ich benutze oft das Wort 'Form' im Alltag.,I often use the word 'Form' in daily life.
386,gleichsetzen,equate,'gleichsetzen' ist ein wichtiges Wort in der deutschen Sprache.,'gleichsetzen' is an important word in the German language.
387,heiß,hot,"Gestern habe ich ein Buch gelesen, in dem oft 'heiß' stand.",Yesterday I read a book in which often 'heiß' appeared.
388,Fehl,miss,"Gestern habe ich ein Buch gelesen, in dem oft 'Fehl' stand.",Yesterday I read a book in which often 'Fehl' appeared.
389,gebracht,brought,Ich benutze oft das Wort 'gebracht' im Alltag.,I often use the word 'gebracht' in daily life.
390,Wärme,heat,"Gestern habe ich ein Buch gelesen, in dem oft 'Wärme' stand.",Yesterday I read a book in which often 'Wärme' appeared.
391,Schnee,snow,Ich benutze oft das Wort 'Schnee' im Alltag.,I often use the word 'Schnee' in daily life.
392,Reifen,tire,"Gestern habe ich ein Buch gelesen, in dem oft 'Reifen' stand.",Yesterday I read a book in which often 'Reifen' appeared.
393,bringen,bring,Mit 'bringen' kann man viele Sätze bilden.,With 'bringen' you can form many sentences.
394,ja,yes,"Gestern habe ich ein Buch gelesen, in dem oft 'ja' stand.",Yesterday I read a book in which often 'ja' appeared.
395,entfernt,distant,Mit 'entfernt' kann man viele Sätze bilden.,With 'entfernt' you can form many sentences.
396,füllen,fill,Ich benutze oft das Wort 'füllen' im Alltag.,I often use the word 'füllen' in daily life.
397,Osten,east,"Kannst du mir bitte erklären, was 'Osten' bedeutet?",Can you please explain to me what 'Osten' means?
398,malen,paint,'malen' ist ein wichtiges Wort in der deutschen Sprache.,'malen' is an important word in the German language.
399,Sprache,language,Ich benutze oft das Wort 'Sprache' im Alltag.,I often use the word 'Sprache' in daily life.
400,unter,among,'unter' ist ein wichtiges Wort in der deutschen Sprache.,'unter' is an important word in the German language.
401,Einheit,unit,"Gestern habe ich ein Buch gelesen, in dem oft 'Einheit' stand.",Yesterday I read a book in which often 'Einheit' appeared.
402,Macht,power,'Macht' ist ein wichtiges Wort in der deutschen Sprache.,'Macht' is an important word in the German language.
403,Stadt,town,"Gestern habe ich ein Buch gelesen, in dem oft 'Stadt' stand.",Yesterday I read a book in which often 'Stadt' appeared.
404,fein,fine,Ich benutze oft das Wort 'fein' im Alltag.,I often use the word 'fein' in daily life.
405,sicher,certain,Mit 'sicher' kann man viele Sätze bilden.,With 'sicher' you can form many sentences.
406,fliegen,fly,'fliegen' ist ein wichtiges Wort in der deutschen Sprache.,'fliegen' is an important word in the German language.
407,fallen,fall,Mit 'fallen' kann man viele Sätze bilden.,With 'fallen' you can form many sentences.
408,führen,lead,"Gestern habe ich ein Buch gelesen, in dem oft 'führen' stand.",Yesterday I read a book in which often 'führen' appeared.
409,Schrei,cry,"Gestern habe ich ein Buch gelesen, in dem oft 'Schrei' stand.",Yesterday I read a book in which often 'Schrei' appeared.
410,dunkel,dark,Mit 'dunkel' kann man viele Sätze bilden.,With 'dunkel' you can form many sentences.
411,Maschine,machine,"Kannst du mir bitte erklären, was 'Maschine' bedeutet?",Can you please explain to me what 'Maschine' means?
412,note,note,"Kannst du mir bitte erklären, was 'note' bedeutet?",Can you please explain to me what 'note' means?
413,warten,wait,Mit 'warten' kann man viele Sätze bilden.,With 'warten' you can form many sentences.
414,Plan,plan,'Plan' ist ein wichtiges Wort in der deutschen Sprache.,'Plan' is an important word in the German language.
415,Abbildung,figure,'Abbildung' ist ein wichtiges Wort in der deutschen Sprache.,'Abbildung' is an important word in the German language.
416,Stern,star,Ich benutze oft das Wort 'Stern' im Alltag.,I often use the word 'Stern' in daily life.
417,Kasten,box,Ich benutze oft das Wort 'Kasten' im Alltag.,I often use the word 'Kasten' in daily life.
418,Nomen,noun,"Kannst du mir bitte erklären, was 'Nomen' bedeutet?",Can you please explain to me what 'Nomen' means?
419,Feld,field,Mit 'Feld' kann man viele Sätze bilden.,With 'Feld' you can form many sentences.
420,Rest,rest,Mit 'Rest' kann man viele Sätze bilden.,With 'Rest' you can form many sentences.
421,richtig,correct,Ich benutze oft das Wort 'richtig' im Alltag.,I often use the word 'richtig' in daily life.
422,fähig,able,"Gestern habe ich ein Buch gelesen, in dem oft 'fähig' stand.",Yesterday I read a book in which often 'fähig' appeared.
423,Pfund,pound,Ich benutze oft das Wort 'Pfund' im Alltag.,I often use the word 'Pfund' in daily life.
424,getan,done,"Kannst du mir bitte erklären, was 'getan' bedeutet?",Can you please explain to me what 'getan' means?
425,Schönheit,beauty,Mit 'Schönheit' kann man viele Sätze bilden.,With 'Schönheit' you can form many sentences.
426,Antriebs,drive,'Antriebs' ist ein wichtiges Wort in der deutschen Sprache.,'Antriebs' is an important word in the German language.
427,stand,stood,Mit 'stand' kann man viele Sätze bilden.,With 'stand' you can form many sentences.
428,enthalten,contain,"Kannst du mir bitte erklären, was 'enthalten' bedeutet?",Can you please explain to me what 'enthalten' means?
429,Front,front,Mit 'Front' kann man viele Sätze bilden.,With 'Front' you can form many sentences.
430,lehren,teach,Mit 'lehren' kann man viele Sätze bilden.,With 'lehren' you can form many sentences.
431,Woche,week,Mit 'Woche' kann man viele Sätze bilden.,With 'Woche' you can form many sentences.
432,Finale,final,Ich benutze oft das Wort 'Finale' im Alltag.,I often use the word 'Finale' in daily life.
433,gab,gave,"Kannst du mir bitte erklären, was 'gab' bedeutet?",Can you please explain to me what 'gab' means?
434,grün,green,"Gestern habe ich ein Buch gelesen, in dem oft 'grün' stand.",Yesterday I read a book in which often 'grün' appeared.
435,oh,oh,Mit 'oh' kann man viele Sätze bilden.,With 'oh' you can form many sentences.
436,schnell,quick,Ich benutze oft das Wort 'schnell' im Alltag.,I often use the word 'schnell' in daily life.
437,entwickeln,develop,'entwickeln' ist ein wichtiges Wort in der deutschen Sprache.,'entwickeln' is an important word in the German language.
438,Ozean,ocean,"Kannst du mir bitte erklären, was 'Ozean' bedeutet?",Can you please explain to me what 'Ozean' means?
439,warme,warm,"Gestern habe ich ein Buch gelesen, in dem oft 'warme' stand.",Yesterday I read a book in which often 'warme' appeared.
440,kostenlos,free,"Kannst du mir bitte erklären, was 'kostenlos' bedeutet?",Can you please explain to me what 'kostenlos' means?
441,Minute,minute,'Minute' ist ein wichtiges Wort in der deutschen Sprache.,'Minute' is an important word in the German language.
442,stark,strong,'stark' ist ein wichtiges Wort in der deutschen Sprache.,'stark' is an important word in the German language.
443,besondere,special,'besondere' ist ein wichtiges Wort in der deutschen Sprache.,'besondere' is an important word in the German language.
444,Geist,mind,Mit 'Geist' kann man viele Sätze bilden.,With 'Geist' you can form many sentences.
445,hinter,behind,Mit 'hinter' kann man viele Sätze bilden.,With 'hinter' you can form many sentences.
446,klar,clear,Mit 'klar' kann man viele Sätze bilden.,With 'klar' you can form many sentences.
447,Schwanz,tail,'Schwanz' ist ein wichtiges Wort in der deutschen Sprache.,'Schwanz' is an important word in the German language.
448,produzieren,produce,Mit 'produzieren' kann man viele Sätze bilden.,With 'produzieren' you can form many sentences.
449,Tatsache,fact,"Kannst du mir bitte erklären, was 'Tatsache' bedeutet?",Can you please explain to me what 'Tatsache' means?
450,Raum,space,"Gestern habe ich ein Buch gelesen, in dem oft 'Raum' stand.",Yesterday I read a book in which often 'Raum' appeared.
451,gehört,heard,Ich benutze oft das Wort 'gehört' im Alltag.,I often use the word 'gehört' in daily life.
452,beste,best,"Kannst du mir bitte erklären, was 'beste' bedeutet?",Can you please explain to me what 'beste' means?
453,Stunde,hour,'Stunde' ist ein wichtiges Wort in der deutschen Sprache.,'Stunde' is an important word in the German language.
454,besser,better,'besser' ist ein wichtiges Wort in der deutschen Sprache.,'besser' is an important word in the German language.
455,wahr,TRUE,Ich benutze oft das Wort 'wahr' im Alltag.,I often use the word 'wahr' in daily life.
456,während,during,'während' ist ein wichtiges Wort in der deutschen Sprache.,'während' is an important word in the German language.
457,hundert,hundred,'hundert' ist ein wichtiges Wort in der deutschen Sprache.,'hundert' is an important word in the German language.
458,fünf,five,Ich benutze oft das Wort 'fünf' im Alltag.,I often use the word 'fünf' in daily life.
459,merken,remember,'merken' ist ein wichtiges Wort in der deutschen Sprache.,'merken' is an important word in the German language.
460,Schritt,step,"Kannst du mir bitte erklären, was 'Schritt' bedeutet?",Can you please explain to me what 'Schritt' means?
461,früh,early,"Gestern habe ich ein Buch gelesen, in dem oft 'früh' stand.",Yesterday I read a book in which often 'früh' appeared.
462,halten,hold,'halten' ist ein wichtiges Wort in der deutschen Sprache.,'halten' is an important word in the German language.
463,Westen,west,Ich benutze oft das Wort 'Westen' im Alltag.,I often use the word 'Westen' in daily life.
464,Boden,ground,Ich benutze oft das Wort 'Boden' im Alltag.,I often use the word 'Boden' in daily life.
465,Interesse,interest,'Interesse' ist ein wichtiges Wort in der deutschen Sprache.,'Interesse' is an important word in the German language.
466,erreichen,reach,'erreichen' ist ein wichtiges Wort in der deutschen Sprache.,'erreichen' is an important word in the German language.
467,schnell,fast,Mit 'schnell' kann man viele Sätze bilden.,With 'schnell' you can form many sentences.
468,Verbum,verb,"Kannst du mir bitte erklären, was 'Verbum' bedeutet?",Can you please explain to me what 'Verbum' means?
469,singen,sing,'singen' ist ein wichtiges Wort in der deutschen Sprache.,'singen' is an important word in the German language.
470,hören,listen,Ich benutze oft das Wort 'hören' im Alltag.,I often use the word 'hören' in daily life.
471,sechs,six,'sechs' ist ein wichtiges Wort in der deutschen Sprache.,'sechs' is an important word in the German language.
472,Tabelle,table,Mit 'Tabelle' kann man viele Sätze bilden.,With 'Tabelle' you can form many sentences.
473,Reise,travel,Mit 'Reise' kann man viele Sätze bilden.,With 'Reise' you can form many sentences.
474,weniger,less,"Gestern habe ich ein Buch gelesen, in dem oft 'weniger' stand.",Yesterday I read a book in which often 'weniger' appeared.
475,Morgen,morning,Mit 'Morgen' kann man viele Sätze bilden.,With 'Morgen' you can form many sentences.
476,zehn,ten,Mit 'zehn' kann man viele Sätze bilden.,With 'zehn' you can form many sentences.
477,einfach,simple,Mit 'einfach' kann man viele Sätze bilden.,With 'einfach' you can form many sentences.
478,mehrere,several,"Gestern habe ich ein Buch gelesen, in dem oft 'mehrere' stand.",Yesterday I read a book in which often 'mehrere' appeared.
479,Vokal,vowel,"Kannst du mir bitte erklären, was 'Vokal' bedeutet?",Can you please explain to me what 'Vokal' means?
480,auf,toward,'auf' ist ein wichtiges Wort in der deutschen Sprache.,'auf' is an important word in the German language.
481,Krieg,war,"Kannst du mir bitte erklären, was 'Krieg' bedeutet?",Can you please explain to me what 'Krieg' means?
482,legen,lay,Ich benutze oft das Wort 'legen' im Alltag.,I often use the word 'legen' in daily life.
483,gegen,against,"Gestern habe ich ein Buch gelesen, in dem oft 'gegen' stand.",Yesterday I read a book in which often 'gegen' appeared.
484,Muster,pattern,Mit 'Muster' kann man viele Sätze bilden.,With 'Muster' you can form many sentences.
485,schleppend,slow,Ich benutze oft das Wort 'schleppend' im Alltag.,I often use the word 'schleppend' in daily life.
486,Zentrum,center,Ich benutze oft das Wort 'Zentrum' im Alltag.,I often use the word 'Zentrum' in daily life.
487,Liebe,love,"Kannst du mir bitte erklären, was 'Liebe' bedeutet?",Can you please explain to me what 'Liebe' means?
488,Person,person,'Person' ist ein wichtiges Wort in der deutschen Sprache.,'Person' is an important word in the German language.
489,Geld,money,Ich benutze oft das Wort 'Geld' im Alltag.,I often use the word 'Geld' in daily life.
490,dienen,serve,'dienen' ist ein wichtiges Wort in der deutschen Sprache.,'dienen' is an important word in the German language.
491,erscheinen,appear,"Kannst du mir bitte erklären, was 'erscheinen' bedeutet?",Can you please explain to me what 'erscheinen' means?
492,Straße,road,"Kannst du mir bitte erklären, was 'Straße' bedeutet?",Can you please explain to me what 'Straße' means?
493,Karte,map,Ich benutze oft das Wort 'Karte' im Alltag.,I often use the word 'Karte' in daily life.
494,regen,rain,Ich benutze oft das Wort 'regen' im Alltag.,I often use the word 'regen' in daily life.
495,Regel,rule,"Gestern habe ich ein Buch gelesen, in dem oft 'Regel' stand.",Yesterday I read a book in which often 'Regel' appeared.
496,regieren,govern,Ich benutze oft das Wort 'regieren' im Alltag.,I often use the word 'regieren' in daily life.
497,ziehen,pull,Ich benutze oft das Wort 'ziehen' im Alltag.,I often use the word 'ziehen' in daily life.
498,Kälte,cold,Ich benutze oft das Wort 'Kälte' im Alltag.,I often use the word 'Kälte' in daily life.
499,Hinweis,notice,"Gestern habe ich ein Buch gelesen, in dem oft 'Hinweis' stand.",Yesterday I read a book in which often 'Hinweis' appeared.
500,Stimme,voice,'Stimme' ist ein wichtiges Wort in der deutschen Sprache.,'Stimme' is an important word in the German language.
501,Energie,energy,'Energie' ist ein wichtiges Wort in der deutschen Sprache.,'Energie' is an important word in the German language.
502,Jagd,hunt,Ich benutze oft das Wort 'Jagd' im Alltag.,I often use the word 'Jagd' in daily life.
503,wahrscheinlich,probable,"Kannst du mir bitte erklären, was 'wahrscheinlich' bedeutet?",Can you please explain to me what 'wahrscheinlich' means?
504,Bett,bed,"Gestern habe ich ein Buch gelesen, in dem oft 'Bett' stand.",Yesterday I read a book in which often 'Bett' appeared.
505,Bruder,brother,'Bruder' ist ein wichtiges Wort in der deutschen Sprache.,'Bruder' is an important word in the German language.
506,Ei,egg,Mit 'Ei' kann man viele Sätze bilden.,With 'Ei' you can form many sentences.
507,Fahrt,ride,"Kannst du mir bitte erklären, was 'Fahrt' bedeutet?",Can you please explain to me what 'Fahrt' means?
508,Zelle,cell,Mit 'Zelle' kann man viele Sätze bilden.,With 'Zelle' you can form many sentences.
509,glauben,believe,Mit 'glauben' kann man viele Sätze bilden.,With 'glauben' you can form many sentences.
510,vielleicht,perhaps,"Gestern habe ich ein Buch gelesen, in dem oft 'vielleicht' stand.",Yesterday I read a book in which often 'vielleicht' appeared.
511,pflücken,pick,"Gestern habe ich ein Buch gelesen, in dem oft 'pflücken' stand.",Yesterday I read a book in which often 'pflücken' appeared.
512,plötzlich,sudden,'plötzlich' ist ein wichtiges Wort in der deutschen Sprache.,'plötzlich' is an important word in the German language.
513,zählen,count,Mit 'zählen' kann man viele Sätze bilden.,With 'zählen' you can form many sentences.
514,Platz,square,Mit 'Platz' kann man viele Sätze bilden.,With 'Platz' you can form many sentences.
515,Grund,reason,Ich benutze oft das Wort 'Grund' im Alltag.,I often use the word 'Grund' in daily life.
516,Dauer,length,'Dauer' ist ein wichtiges Wort in der deutschen Sprache.,'Dauer' is an important word in the German language.
517,vertreten,represent,Ich benutze oft das Wort 'vertreten' im Alltag.,I often use the word 'vertreten' in daily life.
518,Kunst,art,Mit 'Kunst' kann man viele Sätze bilden.,With 'Kunst' you can form many sentences.
519,Thema,subject,"Kannst du mir bitte erklären, was 'Thema' bedeutet?",Can you please explain to me what 'Thema' means?
520,Region,region,Ich benutze oft das Wort 'Region' im Alltag.,I often use the word 'Region' in daily life.
521,Größe,size,"Gestern habe ich ein Buch gelesen, in dem oft 'Größe' stand.",Yesterday I read a book in which often 'Größe' appeared.
522,variieren,vary,"Gestern habe ich ein Buch gelesen, in dem oft 'variieren' stand.",Yesterday I read a book in which often 'variieren' appeared.
523,regeln,settle,"Gestern habe ich ein Buch gelesen, in dem oft 'regeln' stand.",Yesterday I read a book in which often 'regeln' appeared.
524,sprechen,speak,Mit 'sprechen' kann man viele Sätze bilden.,With 'sprechen' you can form many sentences.
525,Gewicht,weight,Ich benutze oft das Wort 'Gewicht' im Alltag.,I often use the word 'Gewicht' in daily life.
526,allgemein,general,"Gestern habe ich ein Buch gelesen, in dem oft 'allgemein' stand.",Yesterday I read a book in which often 'allgemein' appeared.
527,Eis,ice,'Eis' ist ein wichtiges Wort in der deutschen Sprache.,'Eis' is an important word in the German language.
528,Materie,matter,'Materie' ist ein wichtiges Wort in der deutschen Sprache.,'Materie' is an important word in the German language.
529,Kreis,circle,"Kannst du mir bitte erklären, was 'Kreis' bedeutet?",Can you please explain to me what 'Kreis' means?
530,Paar,pair,"Gestern habe ich ein Buch gelesen, in dem oft 'Paar' stand.",Yesterday I read a book in which often 'Paar' appeared.
531,umfassen,include,Ich benutze oft das Wort 'umfassen' im Alltag.,I often use the word 'umfassen' in daily life.
532,Kluft,divide,'Kluft' ist ein wichtiges Wort in der deutschen Sprache.,'Kluft' is an important word in the German language.
533,Silbe,syllable,Mit 'Silbe' kann man viele Sätze bilden.,With 'Silbe' you can form many sentences.
534,Filz,felt,Ich benutze oft das Wort 'Filz' im Alltag.,I often use the word 'Filz' in daily life.
535,groß,grand,Ich benutze oft das Wort 'groß' im Alltag.,I often use the word 'groß' in daily life.
536,Kugel,ball,"Gestern habe ich ein Buch gelesen, in dem oft 'Kugel' stand.",Yesterday I read a book in which often 'Kugel' appeared.
537,noch,yet,"Kannst du mir bitte erklären, was 'noch' bedeutet?",Can you please explain to me what 'noch' means?
538,Welle,wave,"Gestern habe ich ein Buch gelesen, in dem oft 'Welle' stand.",Yesterday I read a book in which often 'Welle' appeared.
539,fallen,drop,Mit 'fallen' kann man viele Sätze bilden.,With 'fallen' you can form many sentences.
540,Herz,heart,"Gestern habe ich ein Buch gelesen, in dem oft 'Herz' stand.",Yesterday I read a book in which often 'Herz' appeared.
541,Uhr,am,Mit 'Uhr' kann man viele Sätze bilden.,With 'Uhr' you can form many sentences.
542,vorhanden,present,Mit 'vorhanden' kann man viele Sätze bilden.,With 'vorhanden' you can form many sentences.
543,schwer,heavy,'schwer' ist ein wichtiges Wort in der deutschen Sprache.,'schwer' is an important word in the German language.
544,Tanz,dance,'Tanz' ist ein wichtiges Wort in der deutschen Sprache.,'Tanz' is an important word in the German language.
545,Motor,engine,"Gestern habe ich ein Buch gelesen, in dem oft 'Motor' stand.",Yesterday I read a book in which often 'Motor' appeared.
546,Position,position,Ich benutze oft das Wort 'Position' im Alltag.,I often use the word 'Position' in daily life.
547,Arm,arm,'Arm' ist ein wichtiges Wort in der deutschen Sprache.,'Arm' is an important word in the German language.
548,breit,wide,"Kannst du mir bitte erklären, was 'breit' bedeutet?",Can you please explain to me what 'breit' means?
549,Segel,sail,Mit 'Segel' kann man viele Sätze bilden.,With 'Segel' you can form many sentences.
550,Material,material,"Gestern habe ich ein Buch gelesen, in dem oft 'Material' stand.",Yesterday I read a book in which often 'Material' appeared.
551,Fraktion,fraction,'Fraktion' ist ein wichtiges Wort in der deutschen Sprache.,'Fraktion' is an important word in the German language.
552,Wald,forest,'Wald' ist ein wichtiges Wort in der deutschen Sprache.,'Wald' is an important word in the German language.
553,sitzen,sit,'sitzen' ist ein wichtiges Wort in der deutschen Sprache.,'sitzen' is an important word in the German language.
554,Rennen,race,Ich benutze oft das Wort 'Rennen' im Alltag.,I often use the word 'Rennen' in daily life.
555,Fenster,window,Ich benutze oft das Wort 'Fenster' im Alltag.,I often use the word 'Fenster' in daily life.
556,Speicher,store,Mit 'Speicher' kann man viele Sätze bilden.,With 'Speicher' you can form many sentences.
557,Sommer,summer,'Sommer' ist ein wichtiges Wort in der deutschen Sprache.,'Sommer' is an important word in the German language.
558,Zug,train,"Gestern habe ich ein Buch gelesen, in dem oft 'Zug' stand.",Yesterday I read a book in which often 'Zug' appeared.
559,Schlaf,sleep,Ich benutze oft das Wort 'Schlaf' im Alltag.,I often use the word 'Schlaf' in daily life.
560,beweisen,prove,"Kannst du mir bitte erklären, was 'beweisen' bedeutet?",Can you please explain to me what 'beweisen' means?
561,einsam,lone,'einsam' ist ein wichtiges Wort in der deutschen Sprache.,'einsam' is an important word in the German language.
562,Bein,leg,"Kannst du mir bitte erklären, was 'Bein' bedeutet?",Can you please explain to me what 'Bein' means?
563,Übung,exercise,"Gestern habe ich ein Buch gelesen, in dem oft 'Übung' stand.",Yesterday I read a book in which often 'Übung' appeared.
564,Wand,wall,'Wand' ist ein wichtiges Wort in der deutschen Sprache.,'Wand' is an important word in the German language.
565,Fang,catch,'Fang' ist ein wichtiges Wort in der deutschen Sprache.,'Fang' is an important word in the German language.
566,Berg,mount,"Kannst du mir bitte erklären, was 'Berg' bedeutet?",Can you please explain to me what 'Berg' means?
567,wünschen,wish,"Kannst du mir bitte erklären, was 'wünschen' bedeutet?",Can you please explain to me what 'wünschen' means?
568,Himmel,sky,'Himmel' ist ein wichtiges Wort in der deutschen Sprache.,'Himmel' is an important word in the German language.
569,Board,board,"Kannst du mir bitte erklären, was 'Board' bedeutet?",Can you please explain to me what 'Board' means?
570,Freude,joy,"Gestern habe ich ein Buch gelesen, in dem oft 'Freude' stand.",Yesterday I read a book in which often 'Freude' appeared.
571,Winter,winter,"Kannst du mir bitte erklären, was 'Winter' bedeutet?",Can you please explain to me what 'Winter' means?
572,sa,sat,"Kannst du mir bitte erklären, was 'sa' bedeutet?",Can you please explain to me what 'sa' means?
573,geschrieben,written,'geschrieben' ist ein wichtiges Wort in der deutschen Sprache.,'geschrieben' is an important word in the German language.
574,wilden,wild,Mit 'wilden' kann man viele Sätze bilden.,With 'wilden' you can form many sentences.
575,Instrument,instrument,Mit 'Instrument' kann man viele Sätze bilden.,With 'Instrument' you can form many sentences.
576,gehalten,kept,"Gestern habe ich ein Buch gelesen, in dem oft 'gehalten' stand.",Yesterday I read a book in which often 'gehalten' appeared.
577,Glas,glass,"Gestern habe ich ein Buch gelesen, in dem oft 'Glas' stand.",Yesterday I read a book in which often 'Glas' appeared.
578,Gras,grass,'Gras' ist ein wichtiges Wort in der deutschen Sprache.,'Gras' is an important word in the German language.
579,Kuh,cow,"Gestern habe ich ein Buch gelesen, in dem oft 'Kuh' stand.",Yesterday I read a book in which often 'Kuh' appeared.
580,Arbeit,job,"Gestern habe ich ein Buch gelesen, in dem oft 'Arbeit' stand.",Yesterday I read a book in which often 'Arbeit' appeared.
581,Rand,edge,'Rand' ist ein wichtiges Wort in der deutschen Sprache.,'Rand' is an important word in the German language.
582,Zeichen,sign,"Gestern habe ich ein Buch gelesen, in dem oft 'Zeichen' stand.",Yesterday I read a book in which often 'Zeichen' appeared.
583,Besuch,visit,Ich benutze oft das Wort 'Besuch' im Alltag.,I often use the word 'Besuch' in daily life.
584,Vergangenheit,past,Ich benutze oft das Wort 'Vergangenheit' im Alltag.,I often use the word 'Vergangenheit' in daily life.
585,weich,soft,"Gestern habe ich ein Buch gelesen, in dem oft 'weich' stand.",Yesterday I read a book in which often 'weich' appeared.
586,Spaß,fun,Mit 'Spaß' kann man viele Sätze bilden.,With 'Spaß' you can form many sentences.
587,hell,bright,"Kannst du mir bitte erklären, was 'hell' bedeutet?",Can you please explain to me what 'hell' means?
588,Gases,gas,Mit 'Gases' kann man viele Sätze bilden.,With 'Gases' you can form many sentences.
589,Wetter,weather,Ich benutze oft das Wort 'Wetter' im Alltag.,I often use the word 'Wetter' in daily life.
590,Monat,month,'Monat' ist ein wichtiges Wort in der deutschen Sprache.,'Monat' is an important word in the German language.
591,Million,million,"Kannst du mir bitte erklären, was 'Million' bedeutet?",Can you please explain to me what 'Million' means?
592,tragen,bear,'tragen' ist ein wichtiges Wort in der deutschen Sprache.,'tragen' is an important word in the German language.
593,Finish,finish,"Kannst du mir bitte erklären, was 'Finish' bedeutet?",Can you please explain to me what 'Finish' means?
594,glücklich,happy,"Gestern habe ich ein Buch gelesen, in dem oft 'glücklich' stand.",Yesterday I read a book in which often 'glücklich' appeared.
595,hoffen,hope,Ich benutze oft das Wort 'hoffen' im Alltag.,I often use the word 'hoffen' in daily life.
596,blume,flower,"Kannst du mir bitte erklären, was 'blume' bedeutet?",Can you please explain to me what 'blume' means?
597,kleiden,clothe,"Kannst du mir bitte erklären, was 'kleiden' bedeutet?",Can you please explain to me what 'kleiden' means?
598,seltsam,strange,"Gestern habe ich ein Buch gelesen, in dem oft 'seltsam' stand.",Yesterday I read a book in which often 'seltsam' appeared.
599,Vorbei,gone,Mit 'Vorbei' kann man viele Sätze bilden.,With 'Vorbei' you can form many sentences.
600,Handel,trade,Ich benutze oft das Wort 'Handel' im Alltag.,I often use the word 'Handel' in daily life.
601,Melodie,melody,'Melodie' ist ein wichtiges Wort in der deutschen Sprache.,'Melodie' is an important word in the German language.
602,Reise,trip,Ich benutze oft das Wort 'Reise' im Alltag.,I often use the word 'Reise' in daily life.
603,Büro,office,"Kannst du mir bitte erklären, was 'Büro' bedeutet?",Can you please explain to me what 'Büro' means?
604,empfangen,receive,'empfangen' ist ein wichtiges Wort in der deutschen Sprache.,'empfangen' is an important word in the German language.
605,Reihe,row,Ich benutze oft das Wort 'Reihe' im Alltag.,I often use the word 'Reihe' in daily life.
606,Mund,mouth,"Kannst du mir bitte erklären, was 'Mund' bedeutet?",Can you please explain to me what 'Mund' means?
607,genau,exact,Mit 'genau' kann man viele Sätze bilden.,With 'genau' you can form many sentences.
608,Zeichen,symbol,"Kannst du mir bitte erklären, was 'Zeichen' bedeutet?",Can you please explain to me what 'Zeichen' means?
609,sterben,die,Ich benutze oft das Wort 'sterben' im Alltag.,I often use the word 'sterben' in daily life.
610,am wenigsten,least,"Kannst du mir bitte erklären, was 'am wenigsten' bedeutet?",Can you please explain to me what 'am wenigsten' means?
611,Ärger,trouble,Mit 'Ärger' kann man viele Sätze bilden.,With 'Ärger' you can form many sentences.
612,Schrei,shout,Mit 'Schrei' kann man viele Sätze bilden.,With 'Schrei' you can form many sentences.
613,außer,except,Mit 'außer' kann man viele Sätze bilden.,With 'außer' you can form many sentences.
614,schrieb,wrote,Ich benutze oft das Wort 'schrieb' im Alltag.,I often use the word 'schrieb' in daily life.
615,Samen,seed,Mit 'Samen' kann man viele Sätze bilden.,With 'Samen' you can form many sentences.
616,Ton,tone,'Ton' ist ein wichtiges Wort in der deutschen Sprache.,'Ton' is an important word in the German language.
617,beitreten,join,Ich benutze oft das Wort 'beitreten' im Alltag.,I often use the word 'beitreten' in daily life.
618,vorschlagen,suggest,Mit 'vorschlagen' kann man viele Sätze bilden.,With 'vorschlagen' you can form many sentences.
619,sauber,clean,Mit 'sauber' kann man viele Sätze bilden.,With 'sauber' you can form many sentences.
620,Pause,break,"Gestern habe ich ein Buch gelesen, in dem oft 'Pause' stand.",Yesterday I read a book in which often 'Pause' appeared.
621,Dame,lady,"Gestern habe ich ein Buch gelesen, in dem oft 'Dame' stand.",Yesterday I read a book in which often 'Dame' appeared.
622,Hof,yard,"Kannst du mir bitte erklären, was 'Hof' bedeutet?",Can you please explain to me what 'Hof' means?
623,steigen,rise,Mit 'steigen' kann man viele Sätze bilden.,With 'steigen' you can form many sentences.
624,schlecht,bad,Mit 'schlecht' kann man viele Sätze bilden.,With 'schlecht' you can form many sentences.
625,Schlag,blow,'Schlag' ist ein wichtiges Wort in der deutschen Sprache.,'Schlag' is an important word in the German language.
626,Öl,oil,"Gestern habe ich ein Buch gelesen, in dem oft 'Öl' stand.",Yesterday I read a book in which often 'Öl' appeared.
627,Blut,blood,"Kannst du mir bitte erklären, was 'Blut' bedeutet?",Can you please explain to me what 'Blut' means?
628,berühren,touch,Mit 'berühren' kann man viele Sätze bilden.,With 'berühren' you can form many sentences.
629,wuchs,grew,'wuchs' ist ein wichtiges Wort in der deutschen Sprache.,'wuchs' is an important word in the German language.
630,Cent,cent,'Cent' ist ein wichtiges Wort in der deutschen Sprache.,'Cent' is an important word in the German language.
631,mischen,mix,'mischen' ist ein wichtiges Wort in der deutschen Sprache.,'mischen' is an important word in the German language.
632,Mannschaft,team,'Mannschaft' ist ein wichtiges Wort in der deutschen Sprache.,'Mannschaft' is an important word in the German language.
633,Draht,wire,Mit 'Draht' kann man viele Sätze bilden.,With 'Draht' you can form many sentences.
634,Kosten,cost,"Gestern habe ich ein Buch gelesen, in dem oft 'Kosten' stand.",Yesterday I read a book in which often 'Kosten' appeared.
635,verloren,lost,'verloren' ist ein wichtiges Wort in der deutschen Sprache.,'verloren' is an important word in the German language.
636,braun,brown,'braun' ist ein wichtiges Wort in der deutschen Sprache.,'braun' is an important word in the German language.
637,tragen,wear,"Kannst du mir bitte erklären, was 'tragen' bedeutet?",Can you please explain to me what 'tragen' means?
638,Garten,garden,"Gestern habe ich ein Buch gelesen, in dem oft 'Garten' stand.",Yesterday I read a book in which often 'Garten' appeared.
639,gleich,equal,Mit 'gleich' kann man viele Sätze bilden.,With 'gleich' you can form many sentences.
640,gesendet,sent,"Kannst du mir bitte erklären, was 'gesendet' bedeutet?",Can you please explain to me what 'gesendet' means?
641,wählen,choose,Ich benutze oft das Wort 'wählen' im Alltag.,I often use the word 'wählen' in daily life.
642,fiel,fell,"Gestern habe ich ein Buch gelesen, in dem oft 'fiel' stand.",Yesterday I read a book in which often 'fiel' appeared.
643,passen,fit,"Kannst du mir bitte erklären, was 'passen' bedeutet?",Can you please explain to me what 'passen' means?
644,fließen,flow,"Gestern habe ich ein Buch gelesen, in dem oft 'fließen' stand.",Yesterday I read a book in which often 'fließen' appeared.
645,Messe,fair,Mit 'Messe' kann man viele Sätze bilden.,With 'Messe' you can form many sentences.
646,Bank,bank,Ich benutze oft das Wort 'Bank' im Alltag.,I often use the word 'Bank' in daily life.
647,sammeln,collect,Mit 'sammeln' kann man viele Sätze bilden.,With 'sammeln' you can form many sentences.
648,sparen,save,"Kannst du mir bitte erklären, was 'sparen' bedeutet?",Can you please explain to me what 'sparen' means?
649,Kontrolle,control,"Gestern habe ich ein Buch gelesen, in dem oft 'Kontrolle' stand.",Yesterday I read a book in which often 'Kontrolle' appeared.
650,dezimal,decimal,"Kannst du mir bitte erklären, was 'dezimal' bedeutet?",Can you please explain to me what 'dezimal' means?
651,Ohr,ear,'Ohr' ist ein wichtiges Wort in der deutschen Sprache.,'Ohr' is an important word in the German language.
652,sonst,else,"Gestern habe ich ein Buch gelesen, in dem oft 'sonst' stand.",Yesterday I read a book in which often 'sonst' appeared.
653,ganz,quite,'ganz' ist ein wichtiges Wort in der deutschen Sprache.,'ganz' is an important word in the German language.
654,pleite,broke,Ich benutze oft das Wort 'pleite' im Alltag.,I often use the word 'pleite' in daily life.
655,Fall,case,"Gestern habe ich ein Buch gelesen, in dem oft 'Fall' stand.",Yesterday I read a book in which often 'Fall' appeared.
656,Mitte,middle,Mit 'Mitte' kann man viele Sätze bilden.,With 'Withte' you can form many sentences.
657,töten,kill,"Kannst du mir bitte erklären, was 'töten' bedeutet?",Can you please explain to me what 'töten' means?
658,Sohn,son,Mit 'Sohn' kann man viele Sätze bilden.,With 'Sohn' you can form many sentences.
659,See,lake,"Gestern habe ich ein Buch gelesen, in dem oft 'See' stand.",Yesterday I read a book in which often 'See' appeared.
660,Moment,moment,Mit 'Moment' kann man viele Sätze bilden.,With 'Moment' you can form many sentences.
661,Maßstab,scale,'Maßstab' ist ein wichtiges Wort in der deutschen Sprache.,'Maßstab' is an important word in the German language.
662,laut,loud,Mit 'laut' kann man viele Sätze bilden.,With 'laut' you can form many sentences.
663,Frühling,spring,'Frühling' ist ein wichtiges Wort in der deutschen Sprache.,'Frühling' is an important word in the German language.
664,beobachten,observe,"Gestern habe ich ein Buch gelesen, in dem oft 'beobachten' stand.",Yesterday I read a book in which often 'beobachten' appeared.
665,Kind,child,'Kind' ist ein wichtiges Wort in der deutschen Sprache.,'Kind' is an important word in the German language.
666,gerade,straight,Ich benutze oft das Wort 'gerade' im Alltag.,I often use the word 'gerade' in daily life.
667,Konsonant,consonant,"Kannst du mir bitte erklären, was 'Konsonant' bedeutet?",Can you please explain to me what 'Konsonant' means?
668,Nation,nation,'Nation' ist ein wichtiges Wort in der deutschen Sprache.,'Nation' is an important word in the German language.
669,Wörterbuch,dictionary,"Gestern habe ich ein Buch gelesen, in dem oft 'Wörterbuch' stand.",Yesterday I read a book in which often 'Wörterbuch' appeared.
670,milch,milk,"Kannst du mir bitte erklären, was 'milch' bedeutet?",Can you please explain to me what 'milch' means?
671,Geschwindigkeit,speed,"Gestern habe ich ein Buch gelesen, in dem oft 'Geschwindigkeit' stand.",Yesterday I read a book in which often 'Geschwindigkeit' appeared.
672,Verfahren,method,Mit 'Verfahren' kann man viele Sätze bilden.,With 'Verfahren' you can form many sentences.
673,Orgel,organ,Mit 'Orgel' kann man viele Sätze bilden.,With 'Orgel' you can form many sentences.
674,zahlen,pay,"Gestern habe ich ein Buch gelesen, in dem oft 'zahlen' stand.",Yesterday I read a book in which often 'zahlen' appeared.
675,Alter,age,Mit 'Alter' kann man viele Sätze bilden.,With 'Alter' you can form many sentences.
676,Abschnitt,section,Mit 'Abschnitt' kann man viele Sätze bilden.,With 'Abschnitt' you can form many sentences.
677,Kleid,dress,"Kannst du mir bitte erklären, was 'Kleid' bedeutet?",Can you please explain to me what 'Kleid' means?
678,Wolke,cloud,"Gestern habe ich ein Buch gelesen, in dem oft 'Wolke' stand.",Yesterday I read a book in which often 'Wolke' appeared.
679,Überraschung,surprise,Mit 'Überraschung' kann man viele Sätze bilden.,With 'Überraschung' you can form many sentences.
680,ruhig,quiet,Ich benutze oft das Wort 'ruhig' im Alltag.,I often use the word 'ruhig' in daily life.
681,Stein,stone,"Kannst du mir bitte erklären, was 'Stein' bedeutet?",Can you please explain to me what 'Stein' means?
682,winzig,tiny,Ich benutze oft das Wort 'winzig' im Alltag.,I often use the word 'winzig' in daily life.
683,Aufstieg,climb,Ich benutze oft das Wort 'Aufstieg' im Alltag.,I often use the word 'Aufstieg' in daily life.
684,kühlen,cool,Mit 'kühlen' kann man viele Sätze bilden.,With 'kühlen' you can form many sentences.
685,Entwurf,design,Mit 'Entwurf' kann man viele Sätze bilden.,With 'Entwurf' you can form many sentences.
686,arm,poor,'arm' ist ein wichtiges Wort in der deutschen Sprache.,'arm' is an important word in the German language.
687,Menge,lot,"Kannst du mir bitte erklären, was 'Menge' bedeutet?",Can you please explain to me what 'Menge' means?
688,Versuch,experiment,Ich benutze oft das Wort 'Versuch' im Alltag.,I often use the word 'Versuch' in daily life.
689,Boden,bottom,"Gestern habe ich ein Buch gelesen, in dem oft 'Boden' stand.",Yesterday I read a book in which often 'Boden' appeared.
690,Schlüssel,key,'Schlüssel' ist ein wichtiges Wort in der deutschen Sprache.,'Schlüssel' is an important word in the German language.
691,Eisen,iron,'Eisen' ist ein wichtiges Wort in der deutschen Sprache.,'Eisen' is an important word in the German language.
692,Einzel,single,Mit 'Einzel' kann man viele Sätze bilden.,With 'Einzel' you can form many sentences.
693,Stick,stick,Mit 'Stick' kann man viele Sätze bilden.,With 'Stick' you can form many sentences.
694,Wohnung,flat,"Kannst du mir bitte erklären, was 'Wohnung' bedeutet?",Can you please explain to me what 'Wohnung' means?
695,zwanzig,twenty,"Kannst du mir bitte erklären, was 'zwanzig' bedeutet?",Can you please explain to me what 'zwanzig' means?
696,Haut,skin,Ich benutze oft das Wort 'Haut' im Alltag.,I often use the word 'Haut' in daily life.
697,Lächeln,smile,"Gestern habe ich ein Buch gelesen, in dem oft 'Lächeln' stand.",Yesterday I read a book in which often 'Lächeln' appeared.
698,Falte,crease,'Falte' ist ein wichtiges Wort in der deutschen Sprache.,'Falte' is an important word in the German language.
699,Loch,hole,Ich benutze oft das Wort 'Loch' im Alltag.,I often use the word 'Loch' in daily life.
700,springen,jump,Ich benutze oft das Wort 'springen' im Alltag.,I often use the word 'springen' in daily life.
701,Kind,baby,'Kind' ist ein wichtiges Wort in der deutschen Sprache.,'Kind' is an important word in the German language.
702,acht,eight,"Gestern habe ich ein Buch gelesen, in dem oft 'acht' stand.",Yesterday I read a book in which often 'acht' appeared.
703,Dorf,village,"Gestern habe ich ein Buch gelesen, in dem oft 'Dorf' stand.",Yesterday I read a book in which often 'Dorf' appeared.
704,treffen,meet,"Kannst du mir bitte erklären, was 'treffen' bedeutet?",Can you please explain to me what 'treffen' means?
705,Wurzel,root,Ich benutze oft das Wort 'Wurzel' im Alltag.,I often use the word 'Wurzel' in daily life.
706,kaufen,buy,"Gestern habe ich ein Buch gelesen, in dem oft 'kaufen' stand.",Yesterday I read a book in which often 'kaufen' appeared.
707,erhöhen,raise,Mit 'erhöhen' kann man viele Sätze bilden.,With 'erhöhen' you can form many sentences.
708,lösen,solve,Ich benutze oft das Wort 'lösen' im Alltag.,I often use the word 'lösen' in daily life.
709,Metall,metal,'Metall' ist ein wichtiges Wort in der deutschen Sprache.,'Metall' is an important word in the German language.
710,ob,whether,"Kannst du mir bitte erklären, was 'ob' bedeutet?",Can you please explain to me what 'ob' means?
711,drücken,push,Ich benutze oft das Wort 'drücken' im Alltag.,I often use the word 'drücken' in daily life.
712,sieben,seven,"Gestern habe ich ein Buch gelesen, in dem oft 'sieben' stand.",Yesterday I read a book in which often 'sieben' appeared.
713,Absatz,paragraph,'Absatz' ist ein wichtiges Wort in der deutschen Sprache.,'Absatz' is an important word in the German language.
714,dritte,third,Mit 'dritte' kann man viele Sätze bilden.,With 'dritte' you can form many sentences.
715,wird,shall,"Kannst du mir bitte erklären, was 'wird' bedeutet?",Can you please explain to me what 'wird' means?
716,Hand,held,"Gestern habe ich ein Buch gelesen, in dem oft 'Hand' stand.",Yesterday I read a book in which often 'Hand' appeared.
717,Haar,hair,"Gestern habe ich ein Buch gelesen, in dem oft 'Haar' stand.",Yesterday I read a book in which often 'Haar' appeared.
718,beschreiben,describe,Ich benutze oft das Wort 'beschreiben' im Alltag.,I often use the word 'beschreiben' in daily life.
719,Koch,cook,Ich benutze oft das Wort 'Koch' im Alltag.,I often use the word 'Koch' in daily life.
720,Boden,floor,Mit 'Boden' kann man viele Sätze bilden.,With 'Boden' you can form many sentences.
721,entweder,either,Ich benutze oft das Wort 'entweder' im Alltag.,I often use the word 'entweder' in daily life.
722,Ergebnis,result,"Gestern habe ich ein Buch gelesen, in dem oft 'Ergebnis' stand.",Yesterday I read a book in which often 'Ergebnis' appeared.
723,brennen,burn,"Gestern habe ich ein Buch gelesen, in dem oft 'brennen' stand.",Yesterday I read a book in which often 'brennen' appeared.
724,Hügel,hill,"Kannst du mir bitte erklären, was 'Hügel' bedeutet?",Can you please explain to me what 'Hügel' means?
725,sicher,safe,Mit 'sicher' kann man viele Sätze bilden.,With 'sicher' you can form many sentences.
726,Katze,cat,"Kannst du mir bitte erklären, was 'Katze' bedeutet?",Can you please explain to me what 'Katze' means?
727,Jahrhundert,century,Mit 'Jahrhundert' kann man viele Sätze bilden.,With 'Jahrhundert' you can form many sentences.
728,betrachten,consider,Ich benutze oft das Wort 'betrachten' im Alltag.,I often use the word 'betrachten' in daily life.
729,Typ,type,'Typ' ist ein wichtiges Wort in der deutschen Sprache.,'Typ' is an important word in the German language.
730,Gesetz,law,Mit 'Gesetz' kann man viele Sätze bilden.,With 'Gesetz' you can form many sentences.
731,Bit,bit,Ich benutze oft das Wort 'Bit' im Alltag.,I often use the word 'Bit' in daily life.
732,Küste,coast,"Kannst du mir bitte erklären, was 'Küste' bedeutet?",Can you please explain to me what 'Küste' means?
733,Kopie,copy,"Gestern habe ich ein Buch gelesen, in dem oft 'Kopie' stand.",Yesterday I read a book in which often 'Kopie' appeared.
734,Ausdruck,phrase,'Ausdruck' ist ein wichtiges Wort in der deutschen Sprache.,'Ausdruck' is an important word in the German language.
735,still,silent,'still' ist ein wichtiges Wort in der deutschen Sprache.,'still' is an important word in the German language.
736,hoch,tall,"Gestern habe ich ein Buch gelesen, in dem oft 'hoch' stand.",Yesterday I read a book in which often 'hoch' appeared.
737,Sand,sand,"Gestern habe ich ein Buch gelesen, in dem oft 'Sand' stand.",Yesterday I read a book in which often 'Sand' appeared.
738,Boden,soil,Ich benutze oft das Wort 'Boden' im Alltag.,I often use the word 'Boden' in daily life.
739,Rolle,roll,Mit 'Rolle' kann man viele Sätze bilden.,With 'Rolle' you can form many sentences.
740,Temperatur,temperature,Ich benutze oft das Wort 'Temperatur' im Alltag.,I often use the word 'Temperatur' in daily life.
741,Finger,finger,"Kannst du mir bitte erklären, was 'Finger' bedeutet?",Can you please explain to me what 'Finger' means?
742,Industrie,industry,'Industrie' ist ein wichtiges Wort in der deutschen Sprache.,'Industrie' is an important word in the German language.
743,Wert,value,"Gestern habe ich ein Buch gelesen, in dem oft 'Wert' stand.",Yesterday I read a book in which often 'Wert' appeared.
744,Kampf,fight,"Kannst du mir bitte erklären, was 'Kampf' bedeutet?",Can you please explain to me what 'Kampf' means?
745,Lüge,lie,Mit 'Lüge' kann man viele Sätze bilden.,With 'Lüge' you can form many sentences.
746,schlagen,beat,"Kannst du mir bitte erklären, was 'schlagen' bedeutet?",Can you please explain to me what 'schlagen' means?
747,begeistern,excite,'begeistern' ist ein wichtiges Wort in der deutschen Sprache.,'begeistern' is an important word in the German language.
748,natürlich,natural,Ich benutze oft das Wort 'natürlich' im Alltag.,I often use the word 'natürlich' in daily life.
749,Blick,view,Mit 'Blick' kann man viele Sätze bilden.,With 'Blick' you can form many sentences.
750,Sinn,sense,'Sinn' ist ein wichtiges Wort in der deutschen Sprache.,'Sinn' is an important word in the German language.
751,Hauptstadt,capital,'Hauptstadt' ist ein wichtiges Wort in der deutschen Sprache.,'Hauptstadt' is an important word in the German language.
752,wird nicht,won’t,"Kannst du mir bitte erklären, was 'wird nicht' bedeutet?",Can you please explain to me what 'wird nicht' means?
753,Stuhl,chair,Mit 'Stuhl' kann man viele Sätze bilden.,With 'Stuhl' you can form many sentences.
754,Achtung,danger,Ich benutze oft das Wort 'Achtung' im Alltag.,I often use the word 'Achtung' in daily life.
755,Obst,fruit,Mit 'Obst' kann man viele Sätze bilden.,With 'Obst' you can form many sentences.
756,reich,rich,Mit 'reich' kann man viele Sätze bilden.,With 'reich' you can form many sentences.
757,dick,thick,Mit 'dick' kann man viele Sätze bilden.,With 'dick' you can form many sentences.
758,Soldat,soldier,"Gestern habe ich ein Buch gelesen, in dem oft 'Soldat' stand.",Yesterday I read a book in which often 'Soldat' appeared.
759,Prozess,process,"Kannst du mir bitte erklären, was 'Prozess' bedeutet?",Can you please explain to me what 'Prozess' means?
760,betreiben,operate,"Kannst du mir bitte erklären, was 'betreiben' bedeutet?",Can you please explain to me what 'betreiben' means?
761,Praxis,practice,"Kannst du mir bitte erklären, was 'Praxis' bedeutet?",Can you please explain to me what 'Praxis' means?
762,trennen,separate,'trennen' ist ein wichtiges Wort in der deutschen Sprache.,'trennen' is an important word in the German language.
763,schwierig,difficult,Mit 'schwierig' kann man viele Sätze bilden.,With 'schwierig' you can form many sentences.
764,Arzt,doctor,Mit 'Arzt' kann man viele Sätze bilden.,With 'Arzt' you can form many sentences.
765,Bitte,please,Ich benutze oft das Wort 'Bitte' im Alltag.,I often use the word 'Bitte' in daily life.
766,schützen,protect,"Kannst du mir bitte erklären, was 'schützen' bedeutet?",Can you please explain to me what 'schützen' means?
767,Mittag,noon,"Kannst du mir bitte erklären, was 'Mittag' bedeutet?",Can you please explain to me what 'Withtag' means?
768,Ernte,crop,Ich benutze oft das Wort 'Ernte' im Alltag.,I often use the word 'Ernte' in daily life.
769,modernen,modern,"Kannst du mir bitte erklären, was 'modernen' bedeutet?",Can you please explain to me what 'modernen' means?
770,Elementes,element,Ich benutze oft das Wort 'Elementes' im Alltag.,I often use the word 'Elementes' in daily life.
771,treffen,hit,"Kannst du mir bitte erklären, was 'treffen' bedeutet?",Can you please explain to me what 'treffen' means?
772,Schüler,student,"Gestern habe ich ein Buch gelesen, in dem oft 'Schüler' stand.",Yesterday I read a book in which often 'Schüler' appeared.
773,Ecke,corner,"Gestern habe ich ein Buch gelesen, in dem oft 'Ecke' stand.",Yesterday I read a book in which often 'Ecke' appeared.
774,Partei,party,"Gestern habe ich ein Buch gelesen, in dem oft 'Partei' stand.",Yesterday I read a book in which often 'Partei' appeared.
775,Versorgung,supply,Mit 'Versorgung' kann man viele Sätze bilden.,With 'Versorgung' you can form many sentences.
776,deren,whose,"Gestern habe ich ein Buch gelesen, in dem oft 'deren' stand.",Yesterday I read a book in which often 'deren' appeared.
777,lokalisieren,locate,'lokalisieren' ist ein wichtiges Wort in der deutschen Sprache.,'lokalisieren' is an important word in the German language.
778,Rings,ring,"Gestern habe ich ein Buch gelesen, in dem oft 'Rings' stand.",Yesterday I read a book in which often 'Rings' appeared.
779,Charakter,character,Ich benutze oft das Wort 'Charakter' im Alltag.,I often use the word 'Charakter' in daily life.
780,insekt,insect,"Gestern habe ich ein Buch gelesen, in dem oft 'insekt' stand.",Yesterday I read a book in which often 'insekt' appeared.
781,gefangen,caught,'gefangen' ist ein wichtiges Wort in der deutschen Sprache.,'gefangen' is an important word in the German language.
782,Zeit,period,Mit 'Zeit' kann man viele Sätze bilden.,With 'Zeit' you can form many sentences.
783,zeigen,indicate,Ich benutze oft das Wort 'zeigen' im Alltag.,I often use the word 'zeigen' in daily life.
784,Funk,radio,Ich benutze oft das Wort 'Funk' im Alltag.,I often use the word 'Funk' in daily life.
785,Speiche,spoke,"Gestern habe ich ein Buch gelesen, in dem oft 'Speiche' stand.",Yesterday I read a book in which often 'Speiche' appeared.
786,Atom,atom,"Gestern habe ich ein Buch gelesen, in dem oft 'Atom' stand.",Yesterday I read a book in which often 'Atom' appeared.
787,Mensch,human,Mit 'Mensch' kann man viele Sätze bilden.,With 'Mensch' you can form many sentences.
788,Geschichte,history,Ich benutze oft das Wort 'Geschichte' im Alltag.,I often use the word 'Geschichte' in daily life.
789,Wirkung,effect,"Gestern habe ich ein Buch gelesen, in dem oft 'Wirkung' stand.",Yesterday I read a book in which often 'Wirkung' appeared.
790,elektrisch,electric,'elektrisch' ist ein wichtiges Wort in der deutschen Sprache.,'elektrisch' is an important word in the German language.
791,erwarten,expect,'erwarten' ist ein wichtiges Wort in der deutschen Sprache.,'erwarten' is an important word in the German language.
792,Knochen,bone,"Gestern habe ich ein Buch gelesen, in dem oft 'Knochen' stand.",Yesterday I read a book in which often 'Knochen' appeared.
793,Schiene,rail,"Kannst du mir bitte erklären, was 'Schiene' bedeutet?",Can you please explain to me what 'Schiene' means?
794,vorstellen,imagine,"Kannst du mir bitte erklären, was 'vorstellen' bedeutet?",Can you please explain to me what 'vorstellen' means?
795,bieten,provide,'bieten' ist ein wichtiges Wort in der deutschen Sprache.,'bieten' is an important word in the German language.
796,zustimmen,agree,"Kannst du mir bitte erklären, was 'zustimmen' bedeutet?",Can you please explain to me what 'zustimmen' means?
797,so,thus,Mit 'so' kann man viele Sätze bilden.,With 'so' you can form many sentences.
798,sanft,gentle,Ich benutze oft das Wort 'sanft' im Alltag.,I often use the word 'sanft' in daily life.
799,Frau,woman,Mit 'Frau' kann man viele Sätze bilden.,With 'Frau' you can form many sentences.
800,Kapitän,captain,'Kapitän' ist ein wichtiges Wort in der deutschen Sprache.,'Kapitän' is an important word in the German language.
801,erraten,guess,"Gestern habe ich ein Buch gelesen, in dem oft 'erraten' stand.",Yesterday I read a book in which often 'erraten' appeared.
802,erforderlich,necessary,"Kannst du mir bitte erklären, was 'erforderlich' bedeutet?",Can you please explain to me what 'erforderlich' means?
803,scharf,sharp,"Gestern habe ich ein Buch gelesen, in dem oft 'scharf' stand.",Yesterday I read a book in which often 'scharf' appeared.
804,Flügel,wing,"Kannst du mir bitte erklären, was 'Flügel' bedeutet?",Can you please explain to me what 'Flügel' means?
805,schaffen,create,'schaffen' ist ein wichtiges Wort in der deutschen Sprache.,'schaffen' is an important word in the German language.
806,Nachbar,neighbor,Mit 'Nachbar' kann man viele Sätze bilden.,With 'Nachbar' you can form many sentences.
807,Wasch,wash,"Gestern habe ich ein Buch gelesen, in dem oft 'Wasch' stand.",Yesterday I read a book in which often 'Wasch' appeared.
808,Fledermaus,bat,"Kannst du mir bitte erklären, was 'Fledermaus' bedeutet?",Can you please explain to me what 'Fledermaus' means?
809,eher,rather,'eher' ist ein wichtiges Wort in der deutschen Sprache.,'eher' is an important word in the German language.
810,Menge,crowd,Mit 'Menge' kann man viele Sätze bilden.,With 'Menge' you can form many sentences.
811,mais,corn,Ich benutze oft das Wort 'mais' im Alltag.,I often use the word 'mais' in daily life.
812,vergleichen,compare,Mit 'vergleichen' kann man viele Sätze bilden.,With 'vergleichen' you can form many sentences.
813,Gedicht,poem,Ich benutze oft das Wort 'Gedicht' im Alltag.,I often use the word 'Gedicht' in daily life.
814,Schnur,string,Ich benutze oft das Wort 'Schnur' im Alltag.,I often use the word 'Schnur' in daily life.
815,Glocke,bell,Ich benutze oft das Wort 'Glocke' im Alltag.,I often use the word 'Glocke' in daily life.
816,abhängen,depend,Ich benutze oft das Wort 'abhängen' im Alltag.,I often use the word 'abhängen' in daily life.
817,Fleisch,meat,Ich benutze oft das Wort 'Fleisch' im Alltag.,I often use the word 'Fleisch' in daily life.
818,einreiben,rub,Ich benutze oft das Wort 'einreiben' im Alltag.,I often use the word 'einreiben' in daily life.
819,Rohr,tube,"Gestern habe ich ein Buch gelesen, in dem oft 'Rohr' stand.",Yesterday I read a book in which often 'Rohr' appeared.
820,berühmt,famous,"Kannst du mir bitte erklären, was 'berühmt' bedeutet?",Can you please explain to me what 'berühmt' means?
921,Dollar,dollar,Mit 'Dollar' kann man viele Sätze bilden.,With 'Dollar' you can form many sentences.
822,Strom,stream,Mit 'Strom' kann man viele Sätze bilden.,With 'Strom' you can form many sentences.
823,Angst,fear,"Gestern habe ich ein Buch gelesen, in dem oft 'Angst' stand.",Yesterday I read a book in which often 'Angst' appeared.
284,Blick,sight,"Kannst du mir bitte erklären, was 'Blick' bedeutet?",Can you please explain to me what 'Blick' means?
825,dünn,thin,Ich benutze oft das Wort 'dünn' im Alltag.,I often use the word 'dünn' in daily life.
826,Dreieck,triangle,'Dreieck' ist ein wichtiges Wort in der deutschen Sprache.,'Dreieck' is an important word in the German language.
827,Erde,planet,"Kannst du mir bitte erklären, was 'Erde' bedeutet?",Can you please explain to me what 'Erde' means?
828,Eile,hurry,Ich benutze oft das Wort 'Eile' im Alltag.,I often use the word 'Eile' in daily life.
829,Chef,chief,"Kannst du mir bitte erklären, was 'Chef' bedeutet?",Can you please explain to me what 'Chef' means?
830,Kolonie,colony,"Gestern habe ich ein Buch gelesen, in dem oft 'Kolonie' stand.",Yesterday I read a book in which often 'Kolonie' appeared.
831,Uhr,clock,'Uhr' ist ein wichtiges Wort in der deutschen Sprache.,'Uhr' is an important word in the German language.
832,Mine,mine,Ich benutze oft das Wort 'Mine' im Alltag.,I often use the word 'Mine' in daily life.
833,Krawatte,tie,"Gestern habe ich ein Buch gelesen, in dem oft 'Krawatte' stand.",Yesterday I read a book in which often 'Krawatte' appeared.
834,eingeben,enter,"Kannst du mir bitte erklären, was 'eingeben' bedeutet?",Can you please explain to me what 'eingeben' means?
835,Dur,major,Ich benutze oft das Wort 'Dur' im Alltag.,I often use the word 'Dur' in daily life.
836,frisch,fresh,Mit 'frisch' kann man viele Sätze bilden.,With 'frisch' you can form many sentences.
837,Suche,search,'Suche' ist ein wichtiges Wort in der deutschen Sprache.,'Suche' is an important word in the German language.
838,senden,send,Mit 'senden' kann man viele Sätze bilden.,With 'senden' you can form many sentences.
839,gelb,yellow,Mit 'gelb' kann man viele Sätze bilden.,With 'gelb' you can form many sentences.
840,Pistole,gun,"Kannst du mir bitte erklären, was 'Pistole' bedeutet?",Can you please explain to me what 'Pistole' means?
841,erlauben,allow,"Gestern habe ich ein Buch gelesen, in dem oft 'erlauben' stand.",Yesterday I read a book in which often 'erlauben' appeared.
842,Druck,print,'Druck' ist ein wichtiges Wort in der deutschen Sprache.,'Druck' is an important word in the German language.
843,tot,dead,Mit 'tot' kann man viele Sätze bilden.,With 'tot' you can form many sentences.
844,Stelle,spot,'Stelle' ist ein wichtiges Wort in der deutschen Sprache.,'Stelle' is an important word in the German language.
845,Wüste,desert,Ich benutze oft das Wort 'Wüste' im Alltag.,I often use the word 'Wüste' in daily life.
846,Anzug,suit,"Gestern habe ich ein Buch gelesen, in dem oft 'Anzug' stand.",Yesterday I read a book in which often 'Anzug' appeared.
847,Strom,current,Ich benutze oft das Wort 'Strom' im Alltag.,I often use the word 'Strom' in daily life.
848,Aufzug,lift,"Gestern habe ich ein Buch gelesen, in dem oft 'Aufzug' stand.",Yesterday I read a book in which often 'Aufzug' appeared.
840,stiegen,rose,Ich benutze oft das Wort 'stiegen' im Alltag.,I often use the word 'stiegen' in daily life.
850,ankommen,arrive,Mit 'ankommen' kann man viele Sätze bilden.,With 'ankommen' you can form many sentences.
851,Stamm,master,Ich benutze oft das Wort 'Stamm' im Alltag.,I often use the word 'Stamm' in daily life.
852,Spur,track,"Kannst du mir bitte erklären, was 'Spur' bedeutet?",Can you please explain to me what 'Spur' means?
853,Elternteil,parent,"Kannst du mir bitte erklären, was 'Elternteil' bedeutet?",Can you please explain to me what 'Elternteil' means?
854,Ufer,shore,'Ufer' ist ein wichtiges Wort in der deutschen Sprache.,'Ufer' is an important word in the German language.
855,Teilung,division,"Gestern habe ich ein Buch gelesen, in dem oft 'Teilung' stand.",Yesterday I read a book in which often 'Teilung' appeared.
856,Blatt,sheet,"Kannst du mir bitte erklären, was 'Blatt' bedeutet?",Can you please explain to me what 'Blatt' means?
857,Substanz,substance,Ich benutze oft das Wort 'Substanz' im Alltag.,I often use the word 'Substanz' in daily life.
858,begünstigen,favor,"Gestern habe ich ein Buch gelesen, in dem oft 'begünstigen' stand.",Yesterday I read a book in which often 'begünstigen' appeared.
859,verbinden,connect,Mit 'verbinden' kann man viele Sätze bilden.,With 'verbinden' you can form many sentences.
860,nach,post,'nach' ist ein wichtiges Wort in der deutschen Sprache.,'nach' is an important word in the German language.
861,verbringen,spend,Ich benutze oft das Wort 'verbringen' im Alltag.,I often use the word 'verbringen' in daily life.
862,Akkord,chord,'Akkord' ist ein wichtiges Wort in der deutschen Sprache.,'Akkord' is an important word in the German language.
863,Fett,fat,"Kannst du mir bitte erklären, was 'Fett' bedeutet?",Can you please explain to me what 'Fett' means?
864,froh,glad,Ich benutze oft das Wort 'froh' im Alltag.,I often use the word 'froh' in daily life.
865,Original,original,"Gestern habe ich ein Buch gelesen, in dem oft 'Original' stand.",Yesterday I read a book in which often 'Original' appeared.
866,Aktie,share,"Kannst du mir bitte erklären, was 'Aktie' bedeutet?",Can you please explain to me what 'Aktie' means?
867,Station,station,"Gestern habe ich ein Buch gelesen, in dem oft 'Station' stand.",Yesterday I read a book in which often 'Station' appeared.
868,Papa,dad,"Kannst du mir bitte erklären, was 'Papa' bedeutet?",Can you please explain to me what 'Papa' means?
869,Brot,bread,'Brot' ist ein wichtiges Wort in der deutschen Sprache.,'Brot' is an important word in the German language.
870,aufladen,charge,"Gestern habe ich ein Buch gelesen, in dem oft 'aufladen' stand.",Yesterday I read a book in which often 'aufladen' appeared.
871,richtig,proper,'richtig' ist ein wichtiges Wort in der deutschen Sprache.,'richtig' is an important word in the German language.
872,Leiste,bar,'Leiste' ist ein wichtiges Wort in der deutschen Sprache.,'Leiste' is an important word in the German language.
873,Angebot,offer,Mit 'Angebot' kann man viele Sätze bilden.,With 'Angebot' you can form many sentences.
874,Segment,segment,Mit 'Segment' kann man viele Sätze bilden.,With 'Segment' you can form many sentences.
875,Sklave,slave,'Sklave' ist ein wichtiges Wort in der deutschen Sprache.,'Sklave' is an important word in the German language.
876,ente,duck,Mit 'ente' kann man viele Sätze bilden.,With 'ente' you can form many sentences.
877,Augenblick,instant,Ich benutze oft das Wort 'Augenblick' im Alltag.,I often use the word 'Augenblick' in daily life.
878,Markt,market,"Gestern habe ich ein Buch gelesen, in dem oft 'Markt' stand.",Yesterday I read a book in which often 'Markt' appeared.
879,Grad,degree,Mit 'Grad' kann man viele Sätze bilden.,With 'Grad' you can form many sentences.
880,besiedeln,populate,"Gestern habe ich ein Buch gelesen, in dem oft 'besiedeln' stand.",Yesterday I read a book in which often 'besiedeln' appeared.
881,küken,chick,Mit 'küken' kann man viele Sätze bilden.,With 'küken' you can form many sentences.
882,liebe,dear,'liebe' ist ein wichtiges Wort in der deutschen Sprache.,'liebe' is an important word in the German language.
883,Feind,enemy,Ich benutze oft das Wort 'Feind' im Alltag.,I often use the word 'Feind' in daily life.
884,antworten,reply,"Gestern habe ich ein Buch gelesen, in dem oft 'antworten' stand.",Yesterday I read a book in which often 'antworten' appeared.
885,Getränk,drink,'Getränk' ist ein wichtiges Wort in der deutschen Sprache.,'Getränk' is an important word in the German language.
886,auftreten,occur,Mit 'auftreten' kann man viele Sätze bilden.,With 'auftreten' you can form many sentences.
887,Unterstützung,support,'Unterstützung' ist ein wichtiges Wort in der deutschen Sprache.,'Unterstützung' is an important word in the German language.
888,Rede,speech,"Kannst du mir bitte erklären, was 'Rede' bedeutet?",Can you please explain to me what 'Rede' means?
889,Natur,nature,Ich benutze oft das Wort 'Natur' im Alltag.,I often use the word 'Natur' in daily life.
890,Angebot,range,"Kannst du mir bitte erklären, was 'Angebot' bedeutet?",Can you please explain to me what 'Angebot' means?
891,Dampf,steam,Mit 'Dampf' kann man viele Sätze bilden.,With 'Dampf' you can form many sentences.
892,Bewegung,motion,Ich benutze oft das Wort 'Bewegung' im Alltag.,I often use the word 'Bewegung' in daily life.
893,Weg,path,"Kannst du mir bitte erklären, was 'Weg' bedeutet?",Can you please explain to me what 'Weg' means?
894,Flüssigkeit,liquid,"Kannst du mir bitte erklären, was 'Flüssigkeit' bedeutet?",Can you please explain to me what 'Flüssigkeit' means?
895,protokollieren,log,Ich benutze oft das Wort 'protokollieren' im Alltag.,I often use the word 'protokollieren' in daily life.
896,gemeint,meant,"Gestern habe ich ein Buch gelesen, in dem oft 'gemeint' stand.",Yesterday I read a book in which often 'gemeint' appeared.
897,Quotient,quotient,'Quotient' ist ein wichtiges Wort in der deutschen Sprache.,'Quotient' is an important word in the German language.
898,Gebiss,teeth,Ich benutze oft das Wort 'Gebiss' im Alltag.,I often use the word 'Gebiss' in daily life.
899,Schale,shell,Ich benutze oft das Wort 'Schale' im Alltag.,I often use the word 'Schale' in daily life.
900,Hals,neck,Ich benutze oft das Wort 'Hals' im Alltag.,I often use the word 'Hals' in daily life.
901,Sauerstoff,oxygen,'Sauerstoff' ist ein wichtiges Wort in der deutschen Sprache.,'Sauerstoff' is an important word in the German language.
902,Zucker,sugar,Mit 'Zucker' kann man viele Sätze bilden.,With 'Zucker' you can form many sentences.
903,Tod,death,Ich benutze oft das Wort 'Tod' im Alltag.,I often use the word 'Tod' in daily life.
904,ziemlich,pretty,Mit 'ziemlich' kann man viele Sätze bilden.,With 'ziemlich' you can form many sentences.
905,Geschicklichkeit,skill,'Geschicklichkeit' ist ein wichtiges Wort in der deutschen Sprache.,'Geschicklichkeit' is an important word in the German language.
906,Frauen,women,Ich benutze oft das Wort 'Frauen' im Alltag.,I often use the word 'Frauen' in daily life.
907,Saison,season,"Kannst du mir bitte erklären, was 'Saison' bedeutet?",Can you please explain to me what 'Saison' means?
908,Lösung,solution,'Lösung' ist ein wichtiges Wort in der deutschen Sprache.,'Lösung' is an important word in the German language.
909,Magnet,magnet,"Gestern habe ich ein Buch gelesen, in dem oft 'Magnet' stand.",Yesterday I read a book in which often 'Magnet' appeared.
910,Silber,silver,Ich benutze oft das Wort 'Silber' im Alltag.,I often use the word 'Silber' in daily life.
911,danken,thank,"Gestern habe ich ein Buch gelesen, in dem oft 'danken' stand.",Yesterday I read a book in which often 'danken' appeared.
912,Zweig,branch,'Zweig' ist ein wichtiges Wort in der deutschen Sprache.,'Zweig' is an important word in the German language.
913,Spiel,match,'Spiel' ist ein wichtiges Wort in der deutschen Sprache.,'Spiel' is an important word in the German language.
914,Suffix,suffix,'Suffix' ist ein wichtiges Wort in der deutschen Sprache.,'Suffix' is an important word in the German language.
915,insbesondere,especially,Mit 'insbesondere' kann man viele Sätze bilden.,With 'insbesondere' you can form many sentences.
916,Feige,fig,'Feige' ist ein wichtiges Wort in der deutschen Sprache.,'Feige' is an important word in the German language.
917,ängstlich,afraid,Mit 'ängstlich' kann man viele Sätze bilden.,With 'ängstlich' you can form many sentences.
918,riesig,huge,Ich benutze oft das Wort 'riesig' im Alltag.,I often use the word 'riesig' in daily life.
919,Schwester,sister,Mit 'Schwester' kann man viele Sätze bilden.,With 'Schwester' you can form many sentences.
920,Stahl,steel,"Kannst du mir bitte erklären, was 'Stahl' bedeutet?",Can you please explain to me what 'Stahl' means?
921,diskutieren,discuss,'diskutieren' ist ein wichtiges Wort in der deutschen Sprache.,'diskutieren' is an important word in the German language.
922,vorwärts,forward,Mit 'vorwärts' kann man viele Sätze bilden.,With 'vorwärts' you can form many sentences.
923,ähnlich,similar,"Gestern habe ich ein Buch gelesen, in dem oft 'ähnlich' stand.",Yesterday I read a book in which often 'ähnlich' appeared.
924,führen,guide,Mit 'führen' kann man viele Sätze bilden.,With 'führen' you can form many sentences.
925,Erfahrung,experience,'Erfahrung' ist ein wichtiges Wort in der deutschen Sprache.,'Erfahrung' is an important word in the German language.
926,Partitur,score,Mit 'Partitur' kann man viele Sätze bilden.,With 'Partitur' you can form many sentences.
927,apfel,apple,"Gestern habe ich ein Buch gelesen, in dem oft 'apfel' stand.",Yesterday I read a book in which often 'apfel' appeared.
928,gekauft,bought,'gekauft' ist ein wichtiges Wort in der deutschen Sprache.,'gekauft' is an important word in the German language.
929,geführt,led,Ich benutze oft das Wort 'geführt' im Alltag.,I often use the word 'geführt' in daily life.
930,Tonhöhe,pitch,"Gestern habe ich ein Buch gelesen, in dem oft 'Tonhöhe' stand.",Yesterday I read a book in which often 'Tonhöhe' appeared.
931,Mantel,coat,Ich benutze oft das Wort 'Mantel' im Alltag.,I often use the word 'Mantel' in daily life.
932,Masse,mass,Mit 'Masse' kann man viele Sätze bilden.,With 'Masse' you can form many sentences.
933,Karte,card,'Karte' ist ein wichtiges Wort in der deutschen Sprache.,'Karte' is an important word in the German language.
934,Band,band,'Band' ist ein wichtiges Wort in der deutschen Sprache.,'Band' is an important word in the German language.
935,Seil,rope,Ich benutze oft das Wort 'Seil' im Alltag.,I often use the word 'Seil' in daily life.
936,Rutsch,slip,"Kannst du mir bitte erklären, was 'Rutsch' bedeutet?",Can you please explain to me what 'Rutsch' means?
937,gewinnen,win,Ich benutze oft das Wort 'gewinnen' im Alltag.,I often use the word 'gewinnen' in daily life.
938,träumen,dream,Mit 'träumen' kann man viele Sätze bilden.,With 'träumen' you can form many sentences.
939,Abend,evening,Ich benutze oft das Wort 'Abend' im Alltag.,I often use the word 'Abend' in daily life.
940,Zustand,condition,Mit 'Zustand' kann man viele Sätze bilden.,With 'Zustand' you can form many sentences.
941,Futtermittel,feed,"Gestern habe ich ein Buch gelesen, in dem oft 'Futtermittel' stand.",Yesterday I read a book in which often 'Futtermittel' appeared.
942,Werkzeug,tool,'Werkzeug' ist ein wichtiges Wort in der deutschen Sprache.,'Werkzeug' is an important word in the German language.
943,gesamt,total,Ich benutze oft das Wort 'gesamt' im Alltag.,I often use the word 'gesamt' in daily life.
944,Basis,basic,"Kannst du mir bitte erklären, was 'Basis' bedeutet?",Can you please explain to me what 'Basis' means?
945,Geruch,smell,Mit 'Geruch' kann man viele Sätze bilden.,With 'Geruch' you can form many sentences.
946,Tal,valley,"Kannst du mir bitte erklären, was 'Tal' bedeutet?",Can you please explain to me what 'Tal' means?
947,noch,nor,Mit 'noch' kann man viele Sätze bilden.,With 'noch' you can form many sentences.
948,doppelt,double,Mit 'doppelt' kann man viele Sätze bilden.,With 'doppelt' you can form many sentences.
949,Sitz,seat,"Kannst du mir bitte erklären, was 'Sitz' bedeutet?",Can you please explain to me what 'Sitz' means?
950,fortsetzen,continue,"Kannst du mir bitte erklären, was 'fortsetzen' bedeutet?",Can you please explain to me what 'fortsetzen' means?
951,Block,block,Ich benutze oft das Wort 'Block' im Alltag.,I often use the word 'Block' in daily life.
952,Tabelle,chart,"Kannst du mir bitte erklären, was 'Tabelle' bedeutet?",Can you please explain to me what 'Tabelle' means?
953,Hut,hat,"Gestern habe ich ein Buch gelesen, in dem oft 'Hut' stand.",Yesterday I read a book in which often 'Hut' appeared.
954,verkaufen,sell,"Gestern habe ich ein Buch gelesen, in dem oft 'verkaufen' stand.",Yesterday I read a book in which often 'verkaufen' appeared.
955,Erfolg,success,'Erfolg' ist ein wichtiges Wort in der deutschen Sprache.,'Erfolg' is an important word in the German language.
956,Firma,company,"Kannst du mir bitte erklären, was 'Firma' bedeutet?",Can you please explain to me what 'Firma' means?
957,subtrahieren,subtract,Ich benutze oft das Wort 'subtrahieren' im Alltag.,I often use the word 'subtrahieren' in daily life.
958,Veranstaltung,event,Ich benutze oft das Wort 'Veranstaltung' im Alltag.,I often use the word 'Veranstaltung' in daily life.
959,besondere,particular,"Kannst du mir bitte erklären, was 'besondere' bedeutet?",Can you please explain to me what 'besondere' means?
960,viel,deal,'viel' ist ein wichtiges Wort in der deutschen Sprache.,'viel' is an important word in the German language.
961,schwimmen,swim,"Gestern habe ich ein Buch gelesen, in dem oft 'schwimmen' stand.",Yesterday I read a book in which often 'schwimmen' appeared.
962,Begriff,term,"Kannst du mir bitte erklären, was 'Begriff' bedeutet?",Can you please explain to me what 'Begriff' means?
963,Gegenteil,opposite,Ich benutze oft das Wort 'Gegenteil' im Alltag.,I often use the word 'Gegenteil' in daily life.
964,Frau,wife,Mit 'Frau' kann man viele Sätze bilden.,With 'Frau' you can form many sentences.
965,Schuh,shoe,"Gestern habe ich ein Buch gelesen, in dem oft 'Schuh' stand.",Yesterday I read a book in which often 'Schuh' appeared.
966,Schulter,shoulder,"Kannst du mir bitte erklären, was 'Schulter' bedeutet?",Can you please explain to me what 'Schulter' means?
967,Verbreitung,spread,Ich benutze oft das Wort 'Verbreitung' im Alltag.,I often use the word 'Verbreitung' in daily life.
968,arrangieren,arrange,Ich benutze oft das Wort 'arrangieren' im Alltag.,I often use the word 'arrangieren' in daily life.
969,Lager,camp,Mit 'Lager' kann man viele Sätze bilden.,With 'Lager' you can form many sentences.
970,erfinden,invent,Ich benutze oft das Wort 'erfinden' im Alltag.,I often use the word 'erfinden' in daily life.
971,Baumwolle,cotton,"Gestern habe ich ein Buch gelesen, in dem oft 'Baumwolle' stand.",Yesterday I read a book in which often 'Baumwolle' appeared.
972,geboren,born,Mit 'geboren' kann man viele Sätze bilden.,With 'geboren' you can form many sentences.
973,bestimmen,determine,"Kannst du mir bitte erklären, was 'bestimmen' bedeutet?",Can you please explain to me what 'bestimmen' means?
974,Quart,quart,"Kannst du mir bitte erklären, was 'Quart' bedeutet?",Can you please explain to me what 'Quart' means?
975,neun,nine,'neun' ist ein wichtiges Wort in der deutschen Sprache.,'neun' is an important word in the German language.
976,Lastwagen,truck,'Lastwagen' ist ein wichtiges Wort in der deutschen Sprache.,'Lastwagen' is an important word in the German language.
977,Lärm,noise,Ich benutze oft das Wort 'Lärm' im Alltag.,I often use the word 'Lärm' in daily life.
978,Ebene,level,"Gestern habe ich ein Buch gelesen, in dem oft 'Ebene' stand.",Yesterday I read a book in which often 'Ebene' appeared.
979,Chance,chance,Ich benutze oft das Wort 'Chance' im Alltag.,I often use the word 'Chance' in daily life.
980,sammeln,gather,Mit 'sammeln' kann man viele Sätze bilden.,With 'sammeln' you can form many sentences.
981,Geschäft,shop,Ich benutze oft das Wort 'Geschäft' im Alltag.,I often use the word 'Geschäft' in daily life.
982,Stretch,stretch,Ich benutze oft das Wort 'Stretch' im Alltag.,I often use the word 'Stretch' in daily life.
983,werfen,throw,Mit 'werfen' kann man viele Sätze bilden.,With 'werfen' you can form many sentences.
984,Glanz,shine,Ich benutze oft das Wort 'Glanz' im Alltag.,I often use the word 'Glanz' in daily life.
985,Immobilien,property,'Immobilien' ist ein wichtiges Wort in der deutschen Sprache.,'Immobilien' is an important word in the German language.
986,Spalte,column,'Spalte' ist ein wichtiges Wort in der deutschen Sprache.,'Spalte' is an important word in the German language.
987,Molekül,molecule,Mit 'Molekül' kann man viele Sätze bilden.,With 'Molekül' you can form many sentences.
988,wählen,select,"Gestern habe ich ein Buch gelesen, in dem oft 'wählen' stand.",Yesterday I read a book in which often 'wählen' appeared.
989,falsch,wrong,"Kannst du mir bitte erklären, was 'falsch' bedeutet?",Can you please explain to me what 'falsch' means?
990,grau,gray,Ich benutze oft das Wort 'grau' im Alltag.,I often use the word 'grau' in daily life.
991,Wiederholung,repeat,"Kannst du mir bitte erklären, was 'Wiederholung' bedeutet?",Can you please explain to me what 'Wiederholung' means?
992,erfordern,require,"Gestern habe ich ein Buch gelesen, in dem oft 'erfordern' stand.",Yesterday I read a book in which often 'erfordern' appeared.
993,breit,broad,Ich benutze oft das Wort 'breit' im Alltag.,I often use the word 'breit' in daily life.
994,vorbereiten,prepare,Ich benutze oft das Wort 'vorbereiten' im Alltag.,I often use the word 'vorbereiten' in daily life.
995,Salz,salt,"Kannst du mir bitte erklären, was 'Salz' bedeutet?",Can you please explain to me what 'Salz' means?
996,Nase,nose,'Nase' ist ein wichtiges Wort in der deutschen Sprache.,'Nase' is an important word in the German language.
997,mehreren,plural,Ich benutze oft das Wort 'mehreren' im Alltag.,I often use the word 'mehreren' in daily life.
998,Zorn,anger,"Kannst du mir bitte erklären, was 'Zorn' bedeutet?",Can you please explain to me what 'Zorn' means?
999,Anspruch,claim,Ich benutze oft das Wort 'Anspruch' im Alltag.,I often use the word 'Anspruch' in daily life.
1000,Kontinent,continent,'Kontinent' ist ein wichtiges Wort in der deutschen Sprache.,'Kontinent' is an important word in the German language.
